fault,repo,category,gold_fn,gold_file,blast_radius,level,arm,query_chars,latency_ms,rank_fn,rank_file,mrr_fn,mrr_file,n_candidates,recall_fn@1,recall_file@1,precision_file@1,recall_fn@3,recall_file@3,precision_file@3,recall_fn@5,recall_file@5,precision_file@5,recall_fn@10,recall_file@10,precision_file@10
intervals-001,intervals,off_by_one,merge,intervals/core.py,3,L0,A0_none,12,0.06,7,2,0.1429,0.5,12,0.0,0.0,0.0,0.0,1.0,0.6667,0.0,1.0,0.8,1.0,1.0,0.9
intervals-001,intervals,off_by_one,merge,intervals/core.py,3,L0,A1_lexical,12,1.6,10,2,0.1,0.5,12,0.0,0.0,0.0,0.0,1.0,0.6667,0.0,1.0,0.8,1.0,1.0,0.9
intervals-001,intervals,off_by_one,merge,intervals/core.py,3,L0,A2_bm25,12,214.06,10,2,0.1,0.5,12,0.0,0.0,0.0,0.0,1.0,0.6667,0.0,1.0,0.8,1.0,1.0,0.9
intervals-001,intervals,off_by_one,merge,intervals/core.py,3,L0,A3_tfidf,12,1700.02,10,2,0.1,0.5,12,0.0,0.0,0.0,0.0,1.0,0.6667,0.0,1.0,0.8,1.0,1.0,0.9
intervals-001,intervals,off_by_one,merge,intervals/core.py,3,L0,A4_lsa,12,164.0,10,2,0.1,0.5,12,0.0,0.0,0.0,0.0,1.0,0.6667,0.0,1.0,0.8,1.0,1.0,0.9
intervals-001,intervals,off_by_one,merge,intervals/core.py,3,L0,A5_embed,12,9689.3,9,1,0.1111,1.0,12,0.0,1.0,1.0,0.0,1.0,1.0,0.0,1.0,1.0,1.0,1.0,0.9
intervals-001,intervals,off_by_one,merge,intervals/core.py,3,L0,A6_hybrid_rrf,12,20.74,11,1,0.0909,1.0,12,0.0,1.0,1.0,0.0,1.0,1.0,0.0,1.0,0.8,0.0,1.0,0.9
intervals-001,intervals,off_by_one,merge,intervals/core.py,3,L0,A6b_hybrid_lexonly,12,20.69,10,2,0.1,0.5,12,0.0,0.0,0.0,0.0,1.0,0.6667,0.0,1.0,0.8,1.0,1.0,0.9
intervals-001,intervals,off_by_one,merge,intervals/core.py,3,L0,A7_cohere_embed,12,3.01,9,1,0.1111,1.0,12,0.0,1.0,1.0,0.0,1.0,1.0,0.0,1.0,1.0,1.0,1.0,0.9
intervals-001,intervals,off_by_one,merge,intervals/core.py,3,L0,A8_cohere_rerank,12,236.38,8,1,0.125,1.0,12,0.0,1.0,1.0,0.0,1.0,1.0,0.0,1.0,1.0,1.0,1.0,1.0
intervals-001,intervals,off_by_one,merge,intervals/core.py,3,L0,A9_bm25_then_cohere_rerank,12,1.47,10,1,0.1,1.0,12,0.0,1.0,1.0,0.0,1.0,1.0,0.0,1.0,1.0,1.0,1.0,0.9
intervals-001,intervals,off_by_one,merge,intervals/core.py,3,L1,A0_none,176,0.01,7,2,0.1429,0.5,12,0.0,0.0,0.0,0.0,1.0,0.6667,0.0,1.0,0.8,1.0,1.0,0.9
intervals-001,intervals,off_by_one,merge,intervals/core.py,3,L1,A1_lexical,176,0.88,3,2,0.3333,0.5,12,0.0,0.0,0.0,1.0,1.0,0.6667,1.0,1.0,0.8,1.0,1.0,0.9
intervals-001,intervals,off_by_one,merge,intervals/core.py,3,L1,A2_bm25,176,1.99,2,2,0.5,0.5,12,0.0,0.0,0.0,1.0,1.0,0.6667,1.0,1.0,0.8,1.0,1.0,0.9
intervals-001,intervals,off_by_one,merge,intervals/core.py,3,L1,A3_tfidf,176,3.38,2,2,0.5,0.5,12,0.0,0.0,0.0,1.0,1.0,0.6667,1.0,1.0,0.8,1.0,1.0,0.9
intervals-001,intervals,off_by_one,merge,intervals/core.py,3,L1,A4_lsa,176,37.48,2,2,0.5,0.5,12,0.0,0.0,0.0,1.0,1.0,0.6667,1.0,1.0,0.8,1.0,1.0,0.9
intervals-001,intervals,off_by_one,merge,intervals/core.py,3,L1,A5_embed,176,119.12,8,2,0.125,0.5,12,0.0,0.0,0.0,0.0,1.0,0.6667,0.0,1.0,0.8,1.0,1.0,0.9
intervals-001,intervals,off_by_one,merge,intervals/core.py,3,L1,A6_hybrid_rrf,176,20.37,5,2,0.2,0.5,12,0.0,0.0,0.0,0.0,1.0,0.6667,1.0,1.0,0.8,1.0,1.0,0.9
intervals-001,intervals,off_by_one,merge,intervals/core.py,3,L1,A6b_hybrid_lexonly,176,4.96,2,2,0.5,0.5,12,0.0,0.0,0.0,1.0,1.0,0.6667,1.0,1.0,0.8,1.0,1.0,0.9
intervals-001,intervals,off_by_one,merge,intervals/core.py,3,L1,A7_cohere_embed,176,1.13,3,2,0.3333,0.5,12,0.0,0.0,0.0,1.0,1.0,0.6667,1.0,1.0,0.8,1.0,1.0,0.9
intervals-001,intervals,off_by_one,merge,intervals/core.py,3,L1,A8_cohere_rerank,176,5832.53,3,2,0.3333,0.5,12,0.0,0.0,0.0,1.0,1.0,0.6667,1.0,1.0,0.8,1.0,1.0,0.9
intervals-001,intervals,off_by_one,merge,intervals/core.py,3,L1,A9_bm25_then_cohere_rerank,176,5.91,3,2,0.3333,0.5,12,0.0,0.0,0.0,1.0,1.0,0.6667,1.0,1.0,0.8,1.0,1.0,0.9
intervals-001,intervals,off_by_one,merge,intervals/core.py,3,L2,A0_none,830,0.03,7,2,0.1429,0.5,12,0.0,0.0,0.0,0.0,1.0,0.6667,0.0,1.0,0.8,1.0,1.0,0.9
intervals-001,intervals,off_by_one,merge,intervals/core.py,3,L2,A1_lexical,830,1.98,2,1,0.5,1.0,12,0.0,1.0,1.0,1.0,1.0,0.6667,1.0,1.0,0.8,1.0,1.0,0.9
intervals-001,intervals,off_by_one,merge,intervals/core.py,3,L2,A2_bm25,830,5.41,2,1,0.5,1.0,12,0.0,1.0,1.0,1.0,1.0,1.0,1.0,1.0,0.8,1.0,1.0,0.9
intervals-001,intervals,off_by_one,merge,intervals/core.py,3,L2,A3_tfidf,830,9.72,5,1,0.2,1.0,12,0.0,1.0,1.0,0.0,1.0,1.0,1.0,1.0,0.8,1.0,1.0,0.9
intervals-001,intervals,off_by_one,merge,intervals/core.py,3,L2,A4_lsa,830,7.74,6,1,0.1667,1.0,12,0.0,1.0,1.0,0.0,1.0,1.0,0.0,1.0,0.8,1.0,1.0,0.9
intervals-001,intervals,off_by_one,merge,intervals/core.py,3,L2,A5_embed,830,349.36,4,2,0.25,0.5,12,0.0,0.0,0.0,0.0,1.0,0.6667,1.0,1.0,0.8,1.0,1.0,0.9
intervals-001,intervals,off_by_one,merge,intervals/core.py,3,L2,A6_hybrid_rrf,830,28.42,3,2,0.3333,0.5,12,0.0,0.0,0.0,1.0,1.0,0.6667,1.0,1.0,0.8,1.0,1.0,0.9
intervals-001,intervals,off_by_one,merge,intervals/core.py,3,L2,A6b_hybrid_lexonly,830,8.34,3,1,0.3333,1.0,12,0.0,1.0,1.0,1.0,1.0,1.0,1.0,1.0,0.8,1.0,1.0,0.9
intervals-001,intervals,off_by_one,merge,intervals/core.py,3,L2,A7_cohere_embed,830,1.81,2,1,0.5,1.0,12,0.0,1.0,1.0,1.0,1.0,0.6667,1.0,1.0,0.8,1.0,1.0,0.9
intervals-001,intervals,off_by_one,merge,intervals/core.py,3,L2,A8_cohere_rerank,830,5767.91,2,2,0.5,0.5,12,0.0,0.0,0.0,1.0,1.0,0.6667,1.0,1.0,0.8,1.0,1.0,0.9
intervals-001,intervals,off_by_one,merge,intervals/core.py,3,L2,A9_bm25_then_cohere_rerank,830,13.16,1,1,1.0,1.0,12,1.0,1.0,1.0,1.0,1.0,0.6667,1.0,1.0,0.8,1.0,1.0,0.9
intervals-001,intervals,off_by_one,merge,intervals/core.py,3,L3,A0_none,2279,0.02,7,2,0.1429,0.5,12,0.0,0.0,0.0,0.0,1.0,0.6667,0.0,1.0,0.8,1.0,1.0,0.9
intervals-001,intervals,off_by_one,merge,intervals/core.py,3,L3,A1_lexical,2279,1.42,2,1,0.5,1.0,12,0.0,1.0,1.0,1.0,1.0,1.0,1.0,1.0,0.8,1.0,1.0,0.9
intervals-001,intervals,off_by_one,merge,intervals/core.py,3,L3,A2_bm25,2279,7.98,2,2,0.5,0.5,12,0.0,0.0,0.0,1.0,1.0,0.6667,1.0,1.0,0.8,1.0,1.0,0.9
intervals-001,intervals,off_by_one,merge,intervals/core.py,3,L3,A3_tfidf,2279,6.8,3,1,0.3333,1.0,12,0.0,1.0,1.0,1.0,1.0,0.6667,1.0,1.0,0.8,1.0,1.0,0.9
intervals-001,intervals,off_by_one,merge,intervals/core.py,3,L3,A4_lsa,2279,7.07,3,1,0.3333,1.0,12,0.0,1.0,1.0,1.0,1.0,0.6667,1.0,1.0,0.8,1.0,1.0,0.9
intervals-001,intervals,off_by_one,merge,intervals/core.py,3,L3,A5_embed,2279,420.27,4,2,0.25,0.5,12,0.0,0.0,0.0,0.0,1.0,0.6667,1.0,1.0,0.8,1.0,1.0,0.9
intervals-001,intervals,off_by_one,merge,intervals/core.py,3,L3,A6_hybrid_rrf,2279,36.71,3,2,0.3333,0.5,12,0.0,0.0,0.0,1.0,1.0,0.6667,1.0,1.0,0.8,1.0,1.0,0.9
intervals-001,intervals,off_by_one,merge,intervals/core.py,3,L3,A6b_hybrid_lexonly,2279,11.0,3,2,0.3333,0.5,12,0.0,0.0,0.0,1.0,1.0,0.6667,1.0,1.0,0.8,1.0,1.0,0.9
intervals-001,intervals,off_by_one,merge,intervals/core.py,3,L3,A7_cohere_embed,2279,2.4,1,1,1.0,1.0,12,1.0,1.0,1.0,1.0,1.0,1.0,1.0,1.0,0.8,1.0,1.0,0.9
intervals-001,intervals,off_by_one,merge,intervals/core.py,3,L3,A8_cohere_rerank,2279,5511.7,2,1,0.5,1.0,12,0.0,1.0,1.0,1.0,1.0,0.6667,1.0,1.0,0.8,1.0,1.0,0.9
intervals-001,intervals,off_by_one,merge,intervals/core.py,3,L3,A9_bm25_then_cohere_rerank,2279,15.1,2,2,0.5,0.5,12,0.0,0.0,0.0,1.0,1.0,0.6667,1.0,1.0,0.8,1.0,1.0,0.9
intervals-002,intervals,logic_error,total_length,intervals/core.py,2,L0,A0_none,12,0.19,10,2,0.1,0.5,12,0.0,0.0,0.0,0.0,1.0,0.6667,0.0,1.0,0.8,1.0,1.0,0.9
intervals-002,intervals,logic_error,total_length,intervals/core.py,2,L0,A1_lexical,12,1.59,12,2,0.0833,0.5,12,0.0,0.0,0.0,0.0,1.0,0.6667,0.0,1.0,0.8,0.0,1.0,0.9
intervals-002,intervals,logic_error,total_length,intervals/core.py,2,L0,A2_bm25,12,2.58,12,2,0.0833,0.5,12,0.0,0.0,0.0,0.0,1.0,0.6667,0.0,1.0,0.8,0.0,1.0,0.9
intervals-002,intervals,logic_error,total_length,intervals/core.py,2,L0,A3_tfidf,12,31.18,12,2,0.0833,0.5,12,0.0,0.0,0.0,0.0,1.0,0.6667,0.0,1.0,0.8,0.0,1.0,0.9
intervals-002,intervals,logic_error,total_length,intervals/core.py,2,L0,A4_lsa,12,37.82,12,2,0.0833,0.5,12,0.0,0.0,0.0,0.0,1.0,0.6667,0.0,1.0,0.8,0.0,1.0,0.9
intervals-002,intervals,logic_error,total_length,intervals/core.py,2,L0,A5_embed,12,863.28,8,1,0.125,1.0,12,0.0,1.0,1.0,0.0,1.0,1.0,0.0,1.0,1.0,1.0,1.0,0.9
intervals-002,intervals,logic_error,total_length,intervals/core.py,2,L0,A6_hybrid_rrf,12,20.85,11,1,0.0909,1.0,12,0.0,1.0,1.0,0.0,1.0,1.0,0.0,1.0,0.8,0.0,1.0,0.9
intervals-002,intervals,logic_error,total_length,intervals/core.py,2,L0,A6b_hybrid_lexonly,12,7.92,12,2,0.0833,0.5,12,0.0,0.0,0.0,0.0,1.0,0.6667,0.0,1.0,0.8,0.0,1.0,0.9
intervals-002,intervals,logic_error,total_length,intervals/core.py,2,L0,A7_cohere_embed,12,12.07,3,1,0.3333,1.0,12,0.0,1.0,1.0,1.0,1.0,1.0,1.0,1.0,1.0,1.0,1.0,0.9
intervals-002,intervals,logic_error,total_length,intervals/core.py,2,L0,A8_cohere_rerank,12,243.03,9,1,0.1111,1.0,12,0.0,1.0,1.0,0.0,1.0,1.0,0.0,1.0,1.0,1.0,1.0,1.0
intervals-002,intervals,logic_error,total_length,intervals/core.py,2,L0,A9_bm25_then_cohere_rerank,12,2.55,12,1,0.0833,1.0,12,0.0,1.0,1.0,0.0,1.0,1.0,0.0,1.0,1.0,0.0,1.0,0.9
intervals-002,intervals,logic_error,total_length,intervals/core.py,2,L1,A0_none,149,0.01,10,2,0.1,0.5,12,0.0,0.0,0.0,0.0,1.0,0.6667,0.0,1.0,0.8,1.0,1.0,0.9
intervals-002,intervals,logic_error,total_length,intervals/core.py,2,L1,A1_lexical,149,0.97,1,1,1.0,1.0,12,1.0,1.0,1.0,1.0,1.0,0.6667,1.0,1.0,0.8,1.0,1.0,0.9
intervals-002,intervals,logic_error,total_length,intervals/core.py,2,L1,A2_bm25,149,2.01,1,1,1.0,1.0,12,1.0,1.0,1.0,1.0,1.0,0.6667,1.0,1.0,0.8,1.0,1.0,0.9
intervals-002,intervals,logic_error,total_length,intervals/core.py,2,L1,A3_tfidf,149,3.51,1,1,1.0,1.0,12,1.0,1.0,1.0,1.0,1.0,0.6667,1.0,1.0,0.8,1.0,1.0,0.9
intervals-002,intervals,logic_error,total_length,intervals/core.py,2,L1,A4_lsa,149,8.55,1,1,1.0,1.0,12,1.0,1.0,1.0,1.0,1.0,0.6667,1.0,1.0,0.8,1.0,1.0,0.9
intervals-002,intervals,logic_error,total_length,intervals/core.py,2,L1,A5_embed,149,341.64,1,1,1.0,1.0,12,1.0,1.0,1.0,1.0,1.0,0.6667,1.0,1.0,0.8,1.0,1.0,0.9
intervals-002,intervals,logic_error,total_length,intervals/core.py,2,L1,A6_hybrid_rrf,149,20.21,1,1,1.0,1.0,12,1.0,1.0,1.0,1.0,1.0,0.6667,1.0,1.0,0.8,1.0,1.0,0.9
intervals-002,intervals,logic_error,total_length,intervals/core.py,2,L1,A6b_hybrid_lexonly,149,4.99,1,1,1.0,1.0,12,1.0,1.0,1.0,1.0,1.0,0.6667,1.0,1.0,0.8,1.0,1.0,0.9
intervals-002,intervals,logic_error,total_length,intervals/core.py,2,L1,A7_cohere_embed,149,1.12,1,1,1.0,1.0,12,1.0,1.0,1.0,1.0,1.0,0.6667,1.0,1.0,0.8,1.0,1.0,0.9
intervals-002,intervals,logic_error,total_length,intervals/core.py,2,L1,A8_cohere_rerank,149,5627.57,1,1,1.0,1.0,12,1.0,1.0,1.0,1.0,1.0,0.6667,1.0,1.0,0.8,1.0,1.0,0.9
intervals-002,intervals,logic_error,total_length,intervals/core.py,2,L1,A9_bm25_then_cohere_rerank,149,5.65,1,1,1.0,1.0,12,1.0,1.0,1.0,1.0,1.0,0.6667,1.0,1.0,0.8,1.0,1.0,0.9
intervals-002,intervals,logic_error,total_length,intervals/core.py,2,L2,A0_none,379,0.03,10,2,0.1,0.5,12,0.0,0.0,0.0,0.0,1.0,0.6667,0.0,1.0,0.8,1.0,1.0,0.9
intervals-002,intervals,logic_error,total_length,intervals/core.py,2,L2,A1_lexical,379,1.35,1,1,1.0,1.0,12,1.0,1.0,1.0,1.0,1.0,0.6667,1.0,1.0,0.8,1.0,1.0,0.9
intervals-002,intervals,logic_error,total_length,intervals/core.py,2,L2,A2_bm25,379,4.09,1,1,1.0,1.0,12,1.0,1.0,1.0,1.0,1.0,0.6667,1.0,1.0,0.8,1.0,1.0,0.9
intervals-002,intervals,logic_error,total_length,intervals/core.py,2,L2,A3_tfidf,379,10.22,1,1,1.0,1.0,12,1.0,1.0,1.0,1.0,1.0,0.6667,1.0,1.0,0.8,1.0,1.0,0.9
intervals-002,intervals,logic_error,total_length,intervals/core.py,2,L2,A4_lsa,379,8.39,1,1,1.0,1.0,12,1.0,1.0,1.0,1.0,1.0,0.6667,1.0,1.0,0.8,1.0,1.0,0.9
intervals-002,intervals,logic_error,total_length,intervals/core.py,2,L2,A5_embed,379,480.73,1,1,1.0,1.0,12,1.0,1.0,1.0,1.0,1.0,0.6667,1.0,1.0,0.8,1.0,1.0,0.9
intervals-002,intervals,logic_error,total_length,intervals/core.py,2,L2,A6_hybrid_rrf,379,23.95,1,1,1.0,1.0,12,1.0,1.0,1.0,1.0,1.0,0.6667,1.0,1.0,0.8,1.0,1.0,0.9
intervals-002,intervals,logic_error,total_length,intervals/core.py,2,L2,A6b_hybrid_lexonly,379,5.43,1,1,1.0,1.0,12,1.0,1.0,1.0,1.0,1.0,0.6667,1.0,1.0,0.8,1.0,1.0,0.9
intervals-002,intervals,logic_error,total_length,intervals/core.py,2,L2,A7_cohere_embed,379,2.49,1,1,1.0,1.0,12,1.0,1.0,1.0,1.0,1.0,1.0,1.0,1.0,0.8,1.0,1.0,0.9
intervals-002,intervals,logic_error,total_length,intervals/core.py,2,L2,A8_cohere_rerank,379,5468.62,1,1,1.0,1.0,12,1.0,1.0,1.0,1.0,1.0,0.6667,1.0,1.0,0.8,1.0,1.0,0.9
intervals-002,intervals,logic_error,total_length,intervals/core.py,2,L2,A9_bm25_then_cohere_rerank,379,9.01,1,1,1.0,1.0,12,1.0,1.0,1.0,1.0,1.0,0.6667,1.0,1.0,0.8,1.0,1.0,0.9
intervals-002,intervals,logic_error,total_length,intervals/core.py,2,L3,A0_none,1170,0.05,10,2,0.1,0.5,12,0.0,0.0,0.0,0.0,1.0,0.6667,0.0,1.0,0.8,1.0,1.0,0.9
intervals-002,intervals,logic_error,total_length,intervals/core.py,2,L3,A1_lexical,1170,1.78,1,1,1.0,1.0,12,1.0,1.0,1.0,1.0,1.0,1.0,1.0,1.0,0.8,1.0,1.0,0.9
intervals-002,intervals,logic_error,total_length,intervals/core.py,2,L3,A2_bm25,1170,6.5,1,1,1.0,1.0,12,1.0,1.0,1.0,1.0,1.0,0.6667,1.0,1.0,0.8,1.0,1.0,0.9
intervals-002,intervals,logic_error,total_length,intervals/core.py,2,L3,A3_tfidf,1170,12.64,1,1,1.0,1.0,12,1.0,1.0,1.0,1.0,1.0,0.6667,1.0,1.0,0.8,1.0,1.0,0.9
intervals-002,intervals,logic_error,total_length,intervals/core.py,2,L3,A4_lsa,1170,8.44,1,1,1.0,1.0,12,1.0,1.0,1.0,1.0,1.0,0.6667,1.0,1.0,0.8,1.0,1.0,0.9
intervals-002,intervals,logic_error,total_length,intervals/core.py,2,L3,A5_embed,1170,399.18,1,1,1.0,1.0,12,1.0,1.0,1.0,1.0,1.0,0.6667,1.0,1.0,0.8,1.0,1.0,0.9
intervals-002,intervals,logic_error,total_length,intervals/core.py,2,L3,A6_hybrid_rrf,1170,28.26,1,1,1.0,1.0,12,1.0,1.0,1.0,1.0,1.0,0.6667,1.0,1.0,0.8,1.0,1.0,0.9
intervals-002,intervals,logic_error,total_length,intervals/core.py,2,L3,A6b_hybrid_lexonly,1170,10.16,1,1,1.0,1.0,12,1.0,1.0,1.0,1.0,1.0,0.6667,1.0,1.0,0.8,1.0,1.0,0.9
intervals-002,intervals,logic_error,total_length,intervals/core.py,2,L3,A7_cohere_embed,1170,1.58,1,1,1.0,1.0,12,1.0,1.0,1.0,1.0,1.0,1.0,1.0,1.0,0.8,1.0,1.0,0.9
intervals-002,intervals,logic_error,total_length,intervals/core.py,2,L3,A8_cohere_rerank,1170,5844.34,1,1,1.0,1.0,12,1.0,1.0,1.0,1.0,1.0,0.6667,1.0,1.0,0.8,1.0,1.0,0.9
intervals-002,intervals,logic_error,total_length,intervals/core.py,2,L3,A9_bm25_then_cohere_rerank,1170,14.87,1,1,1.0,1.0,12,1.0,1.0,1.0,1.0,1.0,0.6667,1.0,1.0,0.8,1.0,1.0,0.9
intervals-003,intervals,off_by_one,Interval.overlaps,intervals/core.py,1,L0,A0_none,12,0.05,5,2,0.2,0.5,12,0.0,0.0,0.0,0.0,1.0,0.6667,1.0,1.0,0.8,1.0,1.0,0.9
intervals-003,intervals,off_by_one,Interval.overlaps,intervals/core.py,1,L0,A1_lexical,12,1.99,6,2,0.1667,0.5,12,0.0,0.0,0.0,0.0,1.0,0.6667,0.0,1.0,0.8,1.0,1.0,0.9
intervals-003,intervals,off_by_one,Interval.overlaps,intervals/core.py,1,L0,A2_bm25,12,6.01,6,2,0.1667,0.5,12,0.0,0.0,0.0,0.0,1.0,0.6667,0.0,1.0,0.8,1.0,1.0,0.9
intervals-003,intervals,off_by_one,Interval.overlaps,intervals/core.py,1,L0,A3_tfidf,12,33.64,6,2,0.1667,0.5,12,0.0,0.0,0.0,0.0,1.0,0.6667,0.0,1.0,0.8,1.0,1.0,0.9
intervals-003,intervals,off_by_one,Interval.overlaps,intervals/core.py,1,L0,A4_lsa,12,57.74,6,2,0.1667,0.5,12,0.0,0.0,0.0,0.0,1.0,0.6667,0.0,1.0,0.8,1.0,1.0,0.9
intervals-003,intervals,off_by_one,Interval.overlaps,intervals/core.py,1,L0,A5_embed,12,1031.77,11,1,0.0909,1.0,12,0.0,1.0,1.0,0.0,1.0,1.0,0.0,1.0,1.0,0.0,1.0,0.9
intervals-003,intervals,off_by_one,Interval.overlaps,intervals/core.py,1,L0,A6_hybrid_rrf,12,30.45,8,1,0.125,1.0,12,0.0,1.0,1.0,0.0,1.0,1.0,0.0,1.0,0.8,1.0,1.0,0.9
intervals-003,intervals,off_by_one,Interval.overlaps,intervals/core.py,1,L0,A6b_hybrid_lexonly,12,13.03,6,2,0.1667,0.5,12,0.0,0.0,0.0,0.0,1.0,0.6667,0.0,1.0,0.8,1.0,1.0,0.9
intervals-003,intervals,off_by_one,Interval.overlaps,intervals/core.py,1,L0,A7_cohere_embed,12,8.22,4,1,0.25,1.0,12,0.0,1.0,1.0,0.0,1.0,1.0,1.0,1.0,1.0,1.0,1.0,0.9
intervals-003,intervals,off_by_one,Interval.overlaps,intervals/core.py,1,L0,A8_cohere_rerank,12,254.74,4,1,0.25,1.0,12,0.0,1.0,1.0,0.0,1.0,1.0,1.0,1.0,1.0,1.0,1.0,1.0
intervals-003,intervals,off_by_one,Interval.overlaps,intervals/core.py,1,L0,A9_bm25_then_cohere_rerank,12,1.57,4,1,0.25,1.0,12,0.0,1.0,1.0,0.0,1.0,1.0,1.0,1.0,1.0,1.0,1.0,0.9
intervals-003,intervals,off_by_one,Interval.overlaps,intervals/core.py,1,L1,A0_none,75,0.01,5,2,0.2,0.5,12,0.0,0.0,0.0,0.0,1.0,0.6667,1.0,1.0,0.8,1.0,1.0,0.9
intervals-003,intervals,off_by_one,Interval.overlaps,intervals/core.py,1,L1,A1_lexical,75,0.83,1,1,1.0,1.0,12,1.0,1.0,1.0,1.0,1.0,0.6667,1.0,1.0,0.8,1.0,1.0,0.9
intervals-003,intervals,off_by_one,Interval.overlaps,intervals/core.py,1,L1,A2_bm25,75,2.03,1,1,1.0,1.0,12,1.0,1.0,1.0,1.0,1.0,0.6667,1.0,1.0,0.8,1.0,1.0,0.9
intervals-003,intervals,off_by_one,Interval.overlaps,intervals/core.py,1,L1,A3_tfidf,75,5.29,1,1,1.0,1.0,12,1.0,1.0,1.0,1.0,1.0,1.0,1.0,1.0,0.8,1.0,1.0,0.9
intervals-003,intervals,off_by_one,Interval.overlaps,intervals/core.py,1,L1,A4_lsa,75,8.37,1,1,1.0,1.0,12,1.0,1.0,1.0,1.0,1.0,1.0,1.0,1.0,0.8,1.0,1.0,0.9
intervals-003,intervals,off_by_one,Interval.overlaps,intervals/core.py,1,L1,A5_embed,75,430.07,1,1,1.0,1.0,12,1.0,1.0,1.0,1.0,1.0,0.6667,1.0,1.0,0.8,1.0,1.0,0.9
intervals-003,intervals,off_by_one,Interval.overlaps,intervals/core.py,1,L1,A6_hybrid_rrf,75,20.36,1,1,1.0,1.0,12,1.0,1.0,1.0,1.0,1.0,0.6667,1.0,1.0,0.8,1.0,1.0,0.9
intervals-003,intervals,off_by_one,Interval.overlaps,intervals/core.py,1,L1,A6b_hybrid_lexonly,75,4.54,1,1,1.0,1.0,12,1.0,1.0,1.0,1.0,1.0,0.6667,1.0,1.0,0.8,1.0,1.0,0.9
intervals-003,intervals,off_by_one,Interval.overlaps,intervals/core.py,1,L1,A7_cohere_embed,75,1.12,1,1,1.0,1.0,12,1.0,1.0,1.0,1.0,1.0,1.0,1.0,1.0,1.0,1.0,1.0,0.9
intervals-003,intervals,off_by_one,Interval.overlaps,intervals/core.py,1,L1,A8_cohere_rerank,75,6025.82,1,1,1.0,1.0,12,1.0,1.0,1.0,1.0,1.0,0.6667,1.0,1.0,0.8,1.0,1.0,0.9
intervals-003,intervals,off_by_one,Interval.overlaps,intervals/core.py,1,L1,A9_bm25_then_cohere_rerank,75,4.85,1,1,1.0,1.0,12,1.0,1.0,1.0,1.0,1.0,0.6667,1.0,1.0,0.8,1.0,1.0,0.9
intervals-003,intervals,off_by_one,Interval.overlaps,intervals/core.py,1,L2,A0_none,440,0.03,5,2,0.2,0.5,12,0.0,0.0,0.0,0.0,1.0,0.6667,1.0,1.0,0.8,1.0,1.0,0.9
intervals-003,intervals,off_by_one,Interval.overlaps,intervals/core.py,1,L2,A1_lexical,440,1.5,1,1,1.0,1.0,12,1.0,1.0,1.0,1.0,1.0,1.0,1.0,1.0,1.0,1.0,1.0,0.9
intervals-003,intervals,off_by_one,Interval.overlaps,intervals/core.py,1,L2,A2_bm25,440,2.89,1,1,1.0,1.0,12,1.0,1.0,1.0,1.0,1.0,1.0,1.0,1.0,1.0,1.0,1.0,0.9
intervals-003,intervals,off_by_one,Interval.overlaps,intervals/core.py,1,L2,A3_tfidf,440,16.23,1,1,1.0,1.0,12,1.0,1.0,1.0,1.0,1.0,1.0,1.0,1.0,1.0,1.0,1.0,1.0
intervals-003,intervals,off_by_one,Interval.overlaps,intervals/core.py,1,L2,A4_lsa,440,7.7,1,1,1.0,1.0,12,1.0,1.0,1.0,1.0,1.0,1.0,1.0,1.0,1.0,1.0,1.0,1.0
intervals-003,intervals,off_by_one,Interval.overlaps,intervals/core.py,1,L2,A5_embed,440,304.89,1,1,1.0,1.0,12,1.0,1.0,1.0,1.0,1.0,0.6667,1.0,1.0,0.8,1.0,1.0,0.9
intervals-003,intervals,off_by_one,Interval.overlaps,intervals/core.py,1,L2,A6_hybrid_rrf,440,21.45,1,1,1.0,1.0,12,1.0,1.0,1.0,1.0,1.0,1.0,1.0,1.0,1.0,1.0,1.0,0.9
intervals-003,intervals,off_by_one,Interval.overlaps,intervals/core.py,1,L2,A6b_hybrid_lexonly,440,5.19,1,1,1.0,1.0,12,1.0,1.0,1.0,1.0,1.0,1.0,1.0,1.0,1.0,1.0,1.0,0.9
intervals-003,intervals,off_by_one,Interval.overlaps,intervals/core.py,1,L2,A7_cohere_embed,440,1.56,1,1,1.0,1.0,12,1.0,1.0,1.0,1.0,1.0,1.0,1.0,1.0,1.0,1.0,1.0,0.9
intervals-003,intervals,off_by_one,Interval.overlaps,intervals/core.py,1,L2,A8_cohere_rerank,440,5137.08,1,1,1.0,1.0,12,1.0,1.0,1.0,1.0,1.0,0.6667,1.0,1.0,0.8,1.0,1.0,0.9
intervals-003,intervals,off_by_one,Interval.overlaps,intervals/core.py,1,L2,A9_bm25_then_cohere_rerank,440,5.37,1,1,1.0,1.0,12,1.0,1.0,1.0,1.0,1.0,1.0,1.0,1.0,1.0,1.0,1.0,0.9
intervals-003,intervals,off_by_one,Interval.overlaps,intervals/core.py,1,L3,A0_none,1123,0.04,5,2,0.2,0.5,12,0.0,0.0,0.0,0.0,1.0,0.6667,1.0,1.0,0.8,1.0,1.0,0.9
intervals-003,intervals,off_by_one,Interval.overlaps,intervals/core.py,1,L3,A1_lexical,1123,1.64,1,1,1.0,1.0,12,1.0,1.0,1.0,1.0,1.0,1.0,1.0,1.0,1.0,1.0,1.0,1.0
intervals-003,intervals,off_by_one,Interval.overlaps,intervals/core.py,1,L3,A2_bm25,1123,5.04,1,1,1.0,1.0,12,1.0,1.0,1.0,1.0,1.0,1.0,1.0,1.0,1.0,1.0,1.0,0.9
intervals-003,intervals,off_by_one,Interval.overlaps,intervals/core.py,1,L3,A3_tfidf,1123,8.96,1,1,1.0,1.0,12,1.0,1.0,1.0,1.0,1.0,1.0,1.0,1.0,1.0,1.0,1.0,1.0
intervals-003,intervals,off_by_one,Interval.overlaps,intervals/core.py,1,L3,A4_lsa,1123,7.51,1,1,1.0,1.0,12,1.0,1.0,1.0,1.0,1.0,1.0,1.0,1.0,1.0,1.0,1.0,1.0
intervals-003,intervals,off_by_one,Interval.overlaps,intervals/core.py,1,L3,A5_embed,1123,372.63,1,1,1.0,1.0,12,1.0,1.0,1.0,1.0,1.0,1.0,1.0,1.0,0.8,1.0,1.0,0.9
intervals-003,intervals,off_by_one,Interval.overlaps,intervals/core.py,1,L3,A6_hybrid_rrf,1123,27.53,1,1,1.0,1.0,12,1.0,1.0,1.0,1.0,1.0,1.0,1.0,1.0,1.0,1.0,1.0,0.9
intervals-003,intervals,off_by_one,Interval.overlaps,intervals/core.py,1,L3,A6b_hybrid_lexonly,1123,7.06,1,1,1.0,1.0,12,1.0,1.0,1.0,1.0,1.0,1.0,1.0,1.0,1.0,1.0,1.0,1.0
intervals-003,intervals,off_by_one,Interval.overlaps,intervals/core.py,1,L3,A7_cohere_embed,1123,1.77,1,1,1.0,1.0,12,1.0,1.0,1.0,1.0,1.0,1.0,1.0,1.0,1.0,1.0,1.0,0.9
intervals-003,intervals,off_by_one,Interval.overlaps,intervals/core.py,1,L3,A8_cohere_rerank,1123,5624.03,1,1,1.0,1.0,12,1.0,1.0,1.0,1.0,1.0,1.0,1.0,1.0,0.8,1.0,1.0,0.9
intervals-003,intervals,off_by_one,Interval.overlaps,intervals/core.py,1,L3,A9_bm25_then_cohere_rerank,1123,5.06,1,1,1.0,1.0,12,1.0,1.0,1.0,1.0,1.0,1.0,1.0,1.0,1.0,1.0,1.0,0.9
intervals-004,intervals,off_by_one,find_gaps,intervals/core.py,4,L0,A0_none,12,0.14,11,2,0.0909,0.5,12,0.0,0.0,0.0,0.0,1.0,0.6667,0.0,1.0,0.8,0.0,1.0,0.9
intervals-004,intervals,off_by_one,find_gaps,intervals/core.py,4,L0,A1_lexical,12,1.86,8,2,0.125,0.5,12,0.0,0.0,0.0,0.0,1.0,0.6667,0.0,1.0,0.8,1.0,1.0,0.9
intervals-004,intervals,off_by_one,find_gaps,intervals/core.py,4,L0,A2_bm25,12,16.75,8,2,0.125,0.5,12,0.0,0.0,0.0,0.0,1.0,0.6667,0.0,1.0,0.8,1.0,1.0,0.9
intervals-004,intervals,off_by_one,find_gaps,intervals/core.py,4,L0,A3_tfidf,12,39.86,8,2,0.125,0.5,12,0.0,0.0,0.0,0.0,1.0,0.6667,0.0,1.0,0.8,1.0,1.0,0.9
intervals-004,intervals,off_by_one,find_gaps,intervals/core.py,4,L0,A4_lsa,12,41.22,8,2,0.125,0.5,12,0.0,0.0,0.0,0.0,1.0,0.6667,0.0,1.0,0.8,1.0,1.0,0.9
intervals-004,intervals,off_by_one,find_gaps,intervals/core.py,4,L0,A5_embed,12,723.07,3,1,0.3333,1.0,12,0.0,1.0,1.0,1.0,1.0,1.0,1.0,1.0,1.0,1.0,1.0,0.9
intervals-004,intervals,off_by_one,find_gaps,intervals/core.py,4,L0,A6_hybrid_rrf,12,20.82,6,1,0.1667,1.0,12,0.0,1.0,1.0,0.0,1.0,1.0,0.0,1.0,0.8,1.0,1.0,0.9
intervals-004,intervals,off_by_one,find_gaps,intervals/core.py,4,L0,A6b_hybrid_lexonly,12,4.58,8,2,0.125,0.5,12,0.0,0.0,0.0,0.0,1.0,0.6667,0.0,1.0,0.8,1.0,1.0,0.9
intervals-004,intervals,off_by_one,find_gaps,intervals/core.py,4,L0,A7_cohere_embed,12,3.17,5,1,0.2,1.0,12,0.0,1.0,1.0,0.0,1.0,1.0,1.0,1.0,1.0,1.0,1.0,0.9
intervals-004,intervals,off_by_one,find_gaps,intervals/core.py,4,L0,A8_cohere_rerank,12,252.32,5,1,0.2,1.0,12,0.0,1.0,1.0,0.0,1.0,1.0,1.0,1.0,1.0,1.0,1.0,1.0
intervals-004,intervals,off_by_one,find_gaps,intervals/core.py,4,L0,A9_bm25_then_cohere_rerank,12,1.42,7,1,0.1429,1.0,12,0.0,1.0,1.0,0.0,1.0,1.0,0.0,1.0,1.0,1.0,1.0,0.9
intervals-004,intervals,off_by_one,find_gaps,intervals/core.py,4,L1,A0_none,223,0.01,11,2,0.0909,0.5,12,0.0,0.0,0.0,0.0,1.0,0.6667,0.0,1.0,0.8,0.0,1.0,0.9
intervals-004,intervals,off_by_one,find_gaps,intervals/core.py,4,L1,A1_lexical,223,0.87,2,2,0.5,0.5,12,0.0,0.0,0.0,1.0,1.0,0.6667,1.0,1.0,0.8,1.0,1.0,0.9
intervals-004,intervals,off_by_one,find_gaps,intervals/core.py,4,L1,A2_bm25,223,2.25,2,2,0.5,0.5,12,0.0,0.0,0.0,1.0,1.0,0.6667,1.0,1.0,0.8,1.0,1.0,0.9
intervals-004,intervals,off_by_one,find_gaps,intervals/core.py,4,L1,A3_tfidf,223,3.57,2,2,0.5,0.5,12,0.0,0.0,0.0,1.0,1.0,0.6667,1.0,1.0,0.8,1.0,1.0,0.9
intervals-004,intervals,off_by_one,find_gaps,intervals/core.py,4,L1,A4_lsa,223,4.8,2,2,0.5,0.5,12,0.0,0.0,0.0,1.0,1.0,0.6667,1.0,1.0,0.8,1.0,1.0,0.9
intervals-004,intervals,off_by_one,find_gaps,intervals/core.py,4,L1,A5_embed,223,356.51,1,1,1.0,1.0,12,1.0,1.0,1.0,1.0,1.0,0.6667,1.0,1.0,0.8,1.0,1.0,0.9
intervals-004,intervals,off_by_one,find_gaps,intervals/core.py,4,L1,A6_hybrid_rrf,223,20.4,2,2,0.5,0.5,12,0.0,0.0,0.0,1.0,1.0,0.6667,1.0,1.0,0.8,1.0,1.0,0.9
intervals-004,intervals,off_by_one,find_gaps,intervals/core.py,4,L1,A6b_hybrid_lexonly,223,5.28,2,2,0.5,0.5,12,0.0,0.0,0.0,1.0,1.0,0.6667,1.0,1.0,0.8,1.0,1.0,0.9
intervals-004,intervals,off_by_one,find_gaps,intervals/core.py,4,L1,A7_cohere_embed,223,1.12,1,1,1.0,1.0,12,1.0,1.0,1.0,1.0,1.0,0.6667,1.0,1.0,0.8,1.0,1.0,0.9
intervals-004,intervals,off_by_one,find_gaps,intervals/core.py,4,L1,A8_cohere_rerank,223,5598.14,2,2,0.5,0.5,12,0.0,0.0,0.0,1.0,1.0,0.6667,1.0,1.0,0.8,1.0,1.0,0.9
intervals-004,intervals,off_by_one,find_gaps,intervals/core.py,4,L1,A9_bm25_then_cohere_rerank,223,3.28,2,2,0.5,0.5,12,0.0,0.0,0.0,1.0,1.0,0.6667,1.0,1.0,0.8,1.0,1.0,0.9
intervals-004,intervals,off_by_one,find_gaps,intervals/core.py,4,L2,A0_none,383,0.01,11,2,0.0909,0.5,12,0.0,0.0,0.0,0.0,1.0,0.6667,0.0,1.0,0.8,0.0,1.0,0.9
intervals-004,intervals,off_by_one,find_gaps,intervals/core.py,4,L2,A1_lexical,383,0.93,1,1,1.0,1.0,12,1.0,1.0,1.0,1.0,1.0,0.6667,1.0,1.0,0.8,1.0,1.0,0.9
intervals-004,intervals,off_by_one,find_gaps,intervals/core.py,4,L2,A2_bm25,383,2.79,2,2,0.5,0.5,12,0.0,0.0,0.0,1.0,1.0,0.6667,1.0,1.0,0.8,1.0,1.0,0.9
intervals-004,intervals,off_by_one,find_gaps,intervals/core.py,4,L2,A3_tfidf,383,7.46,2,2,0.5,0.5,12,0.0,0.0,0.0,1.0,1.0,0.6667,1.0,1.0,0.8,1.0,1.0,0.9
intervals-004,intervals,off_by_one,find_gaps,intervals/core.py,4,L2,A4_lsa,383,6.8,2,2,0.5,0.5,12,0.0,0.0,0.0,1.0,1.0,0.6667,1.0,1.0,0.8,1.0,1.0,0.9
intervals-004,intervals,off_by_one,find_gaps,intervals/core.py,4,L2,A5_embed,383,513.94,1,1,1.0,1.0,12,1.0,1.0,1.0,1.0,1.0,0.6667,1.0,1.0,0.8,1.0,1.0,0.9
intervals-004,intervals,off_by_one,find_gaps,intervals/core.py,4,L2,A6_hybrid_rrf,383,23.55,2,2,0.5,0.5,12,0.0,0.0,0.0,1.0,1.0,0.6667,1.0,1.0,0.8,1.0,1.0,0.9
intervals-004,intervals,off_by_one,find_gaps,intervals/core.py,4,L2,A6b_hybrid_lexonly,383,6.54,2,2,0.5,0.5,12,0.0,0.0,0.0,1.0,1.0,0.6667,1.0,1.0,0.8,1.0,1.0,0.9
intervals-004,intervals,off_by_one,find_gaps,intervals/core.py,4,L2,A7_cohere_embed,383,2.28,1,1,1.0,1.0,12,1.0,1.0,1.0,1.0,1.0,0.6667,1.0,1.0,0.8,1.0,1.0,0.9
intervals-004,intervals,off_by_one,find_gaps,intervals/core.py,4,L2,A8_cohere_rerank,383,5449.34,2,2,0.5,0.5,12,0.0,0.0,0.0,1.0,1.0,0.6667,1.0,1.0,0.8,1.0,1.0,0.9
intervals-004,intervals,off_by_one,find_gaps,intervals/core.py,4,L2,A9_bm25_then_cohere_rerank,383,7.06,2,2,0.5,0.5,12,0.0,0.0,0.0,1.0,1.0,0.6667,1.0,1.0,0.8,1.0,1.0,0.9
intervals-004,intervals,off_by_one,find_gaps,intervals/core.py,4,L3,A0_none,4327,0.03,11,2,0.0909,0.5,12,0.0,0.0,0.0,0.0,1.0,0.6667,0.0,1.0,0.8,0.0,1.0,0.9
intervals-004,intervals,off_by_one,find_gaps,intervals/core.py,4,L3,A1_lexical,4327,4.09,1,1,1.0,1.0,12,1.0,1.0,1.0,1.0,1.0,1.0,1.0,1.0,1.0,1.0,1.0,0.9
intervals-004,intervals,off_by_one,find_gaps,intervals/core.py,4,L3,A2_bm25,4327,20.08,1,1,1.0,1.0,12,1.0,1.0,1.0,1.0,1.0,0.6667,1.0,1.0,0.8,1.0,1.0,0.9
intervals-004,intervals,off_by_one,find_gaps,intervals/core.py,4,L3,A3_tfidf,4327,7.59,1,1,1.0,1.0,12,1.0,1.0,1.0,1.0,1.0,0.6667,1.0,1.0,0.8,1.0,1.0,0.9
intervals-004,intervals,off_by_one,find_gaps,intervals/core.py,4,L3,A4_lsa,4327,7.96,1,1,1.0,1.0,12,1.0,1.0,1.0,1.0,1.0,0.6667,1.0,1.0,0.8,1.0,1.0,0.9
intervals-004,intervals,off_by_one,find_gaps,intervals/core.py,4,L3,A5_embed,4327,252.08,1,1,1.0,1.0,12,1.0,1.0,1.0,1.0,1.0,0.6667,1.0,1.0,0.8,1.0,1.0,0.9
intervals-004,intervals,off_by_one,find_gaps,intervals/core.py,4,L3,A6_hybrid_rrf,4327,42.92,1,1,1.0,1.0,12,1.0,1.0,1.0,1.0,1.0,0.6667,1.0,1.0,0.8,1.0,1.0,0.9
intervals-004,intervals,off_by_one,find_gaps,intervals/core.py,4,L3,A6b_hybrid_lexonly,4327,24.02,1,1,1.0,1.0,12,1.0,1.0,1.0,1.0,1.0,0.6667,1.0,1.0,0.8,1.0,1.0,0.9
intervals-004,intervals,off_by_one,find_gaps,intervals/core.py,4,L3,A7_cohere_embed,4327,1.54,1,1,1.0,1.0,12,1.0,1.0,1.0,1.0,1.0,0.6667,1.0,1.0,0.8,1.0,1.0,0.9
intervals-004,intervals,off_by_one,find_gaps,intervals/core.py,4,L3,A8_cohere_rerank,4327,5909.04,1,1,1.0,1.0,12,1.0,1.0,1.0,1.0,1.0,0.6667,1.0,1.0,0.8,1.0,1.0,0.9
intervals-004,intervals,off_by_one,find_gaps,intervals/core.py,4,L3,A9_bm25_then_cohere_rerank,4327,21.29,1,1,1.0,1.0,12,1.0,1.0,1.0,1.0,1.0,0.6667,1.0,1.0,0.8,1.0,1.0,0.9
intervals-005,intervals,wrong_api,intersect,intervals/core.py,4,L0,A0_none,12,0.07,8,2,0.125,0.5,12,0.0,0.0,0.0,0.0,1.0,0.6667,0.0,1.0,0.8,1.0,1.0,0.9
intervals-005,intervals,wrong_api,intersect,intervals/core.py,4,L0,A1_lexical,12,1.71,9,2,0.1111,0.5,12,0.0,0.0,0.0,0.0,1.0,0.6667,0.0,1.0,0.8,1.0,1.0,0.9
intervals-005,intervals,wrong_api,intersect,intervals/core.py,4,L0,A2_bm25,12,2.91,9,2,0.1111,0.5,12,0.0,0.0,0.0,0.0,1.0,0.6667,0.0,1.0,0.8,1.0,1.0,0.9
intervals-005,intervals,wrong_api,intersect,intervals/core.py,4,L0,A3_tfidf,12,9.9,9,2,0.1111,0.5,12,0.0,0.0,0.0,0.0,1.0,0.6667,0.0,1.0,0.8,1.0,1.0,0.9
intervals-005,intervals,wrong_api,intersect,intervals/core.py,4,L0,A4_lsa,12,8.05,9,2,0.1111,0.5,12,0.0,0.0,0.0,0.0,1.0,0.6667,0.0,1.0,0.8,1.0,1.0,0.9
intervals-005,intervals,wrong_api,intersect,intervals/core.py,4,L0,A5_embed,12,590.52,11,1,0.0909,1.0,12,0.0,1.0,1.0,0.0,1.0,1.0,0.0,1.0,1.0,0.0,1.0,0.9
intervals-005,intervals,wrong_api,intersect,intervals/core.py,4,L0,A6_hybrid_rrf,12,19.21,12,1,0.0833,1.0,12,0.0,1.0,1.0,0.0,1.0,1.0,0.0,1.0,0.8,0.0,1.0,0.9
intervals-005,intervals,wrong_api,intersect,intervals/core.py,4,L0,A6b_hybrid_lexonly,12,5.32,9,2,0.1111,0.5,12,0.0,0.0,0.0,0.0,1.0,0.6667,0.0,1.0,0.8,1.0,1.0,0.9
intervals-005,intervals,wrong_api,intersect,intervals/core.py,4,L0,A7_cohere_embed,12,2.3,7,1,0.1429,1.0,12,0.0,1.0,1.0,0.0,1.0,1.0,0.0,1.0,1.0,1.0,1.0,0.9
intervals-005,intervals,wrong_api,intersect,intervals/core.py,4,L0,A8_cohere_rerank,12,217.23,9,1,0.1111,1.0,12,0.0,1.0,1.0,0.0,1.0,1.0,0.0,1.0,1.0,1.0,1.0,1.0
intervals-005,intervals,wrong_api,intersect,intervals/core.py,4,L0,A9_bm25_then_cohere_rerank,12,2.37,11,1,0.0909,1.0,12,0.0,1.0,1.0,0.0,1.0,1.0,0.0,1.0,1.0,0.0,1.0,0.9
intervals-005,intervals,wrong_api,intersect,intervals/core.py,4,L1,A0_none,222,0.02,8,2,0.125,0.5,12,0.0,0.0,0.0,0.0,1.0,0.6667,0.0,1.0,0.8,1.0,1.0,0.9
intervals-005,intervals,wrong_api,intersect,intervals/core.py,4,L1,A1_lexical,222,1.46,2,2,0.5,0.5,12,0.0,0.0,0.0,1.0,1.0,0.6667,1.0,1.0,0.8,1.0,1.0,0.9
intervals-005,intervals,wrong_api,intersect,intervals/core.py,4,L1,A2_bm25,222,3.41,2,2,0.5,0.5,12,0.0,0.0,0.0,1.0,1.0,0.6667,1.0,1.0,0.8,1.0,1.0,0.9
intervals-005,intervals,wrong_api,intersect,intervals/core.py,4,L1,A3_tfidf,222,5.55,2,2,0.5,0.5,12,0.0,0.0,0.0,1.0,1.0,0.6667,1.0,1.0,0.8,1.0,1.0,0.9
intervals-005,intervals,wrong_api,intersect,intervals/core.py,4,L1,A4_lsa,222,8.56,2,2,0.5,0.5,12,0.0,0.0,0.0,1.0,1.0,0.6667,1.0,1.0,0.8,1.0,1.0,0.9
intervals-005,intervals,wrong_api,intersect,intervals/core.py,4,L1,A5_embed,222,586.72,11,2,0.0909,0.5,12,0.0,0.0,0.0,0.0,1.0,0.6667,0.0,1.0,0.8,0.0,1.0,0.9
intervals-005,intervals,wrong_api,intersect,intervals/core.py,4,L1,A6_hybrid_rrf,222,43.2,5,2,0.2,0.5,12,0.0,0.0,0.0,0.0,1.0,0.6667,1.0,1.0,0.8,1.0,1.0,0.9
intervals-005,intervals,wrong_api,intersect,intervals/core.py,4,L1,A6b_hybrid_lexonly,222,10.52,2,2,0.5,0.5,12,0.0,0.0,0.0,1.0,1.0,0.6667,1.0,1.0,0.8,1.0,1.0,0.9
intervals-005,intervals,wrong_api,intersect,intervals/core.py,4,L1,A7_cohere_embed,222,1.84,8,2,0.125,0.5,12,0.0,0.0,0.0,0.0,1.0,0.6667,0.0,1.0,0.8,1.0,1.0,0.9
intervals-005,intervals,wrong_api,intersect,intervals/core.py,4,L1,A8_cohere_rerank,222,5497.4,1,1,1.0,1.0,12,1.0,1.0,1.0,1.0,1.0,0.6667,1.0,1.0,0.8,1.0,1.0,0.9
intervals-005,intervals,wrong_api,intersect,intervals/core.py,4,L1,A9_bm25_then_cohere_rerank,222,6.28,2,2,0.5,0.5,12,0.0,0.0,0.0,1.0,1.0,0.6667,1.0,1.0,0.8,1.0,1.0,0.9
intervals-005,intervals,wrong_api,intersect,intervals/core.py,4,L2,A0_none,895,0.02,8,2,0.125,0.5,12,0.0,0.0,0.0,0.0,1.0,0.6667,0.0,1.0,0.8,1.0,1.0,0.9
intervals-005,intervals,wrong_api,intersect,intervals/core.py,4,L2,A1_lexical,895,1.72,1,1,1.0,1.0,12,1.0,1.0,1.0,1.0,1.0,1.0,1.0,1.0,0.8,1.0,1.0,0.9
intervals-005,intervals,wrong_api,intersect,intervals/core.py,4,L2,A2_bm25,895,5.52,2,2,0.5,0.5,12,0.0,0.0,0.0,1.0,1.0,0.6667,1.0,1.0,0.8,1.0,1.0,0.9
intervals-005,intervals,wrong_api,intersect,intervals/core.py,4,L2,A3_tfidf,895,14.14,1,1,1.0,1.0,12,1.0,1.0,1.0,1.0,1.0,0.6667,1.0,1.0,0.8,1.0,1.0,0.9
intervals-005,intervals,wrong_api,intersect,intervals/core.py,4,L2,A4_lsa,895,7.89,1,1,1.0,1.0,12,1.0,1.0,1.0,1.0,1.0,0.6667,1.0,1.0,0.8,1.0,1.0,0.9
intervals-005,intervals,wrong_api,intersect,intervals/core.py,4,L2,A5_embed,895,348.95,5,2,0.2,0.5,12,0.0,0.0,0.0,0.0,1.0,0.6667,1.0,1.0,0.8,1.0,1.0,0.9
intervals-005,intervals,wrong_api,intersect,intervals/core.py,4,L2,A6_hybrid_rrf,895,32.31,2,2,0.5,0.5,12,0.0,0.0,0.0,1.0,1.0,0.6667,1.0,1.0,0.8,1.0,1.0,0.9
intervals-005,intervals,wrong_api,intersect,intervals/core.py,4,L2,A6b_hybrid_lexonly,895,6.9,2,2,0.5,0.5,12,0.0,0.0,0.0,1.0,1.0,0.6667,1.0,1.0,0.8,1.0,1.0,0.9
intervals-005,intervals,wrong_api,intersect,intervals/core.py,4,L2,A7_cohere_embed,895,1.59,1,1,1.0,1.0,12,1.0,1.0,1.0,1.0,1.0,0.6667,1.0,1.0,0.8,1.0,1.0,0.9
intervals-005,intervals,wrong_api,intersect,intervals/core.py,4,L2,A8_cohere_rerank,895,13715.72,6,2,0.1667,0.5,12,0.0,0.0,0.0,0.0,1.0,0.6667,0.0,1.0,0.8,1.0,1.0,0.9
intervals-005,intervals,wrong_api,intersect,intervals/core.py,4,L2,A9_bm25_then_cohere_rerank,895,6.8,3,2,0.3333,0.5,12,0.0,0.0,0.0,1.0,1.0,0.6667,1.0,1.0,0.8,1.0,1.0,0.9
intervals-005,intervals,wrong_api,intersect,intervals/core.py,4,L3,A0_none,2671,0.02,8,2,0.125,0.5,12,0.0,0.0,0.0,0.0,1.0,0.6667,0.0,1.0,0.8,1.0,1.0,0.9
intervals-005,intervals,wrong_api,intersect,intervals/core.py,4,L3,A1_lexical,2671,1.79,1,1,1.0,1.0,12,1.0,1.0,1.0,1.0,1.0,1.0,1.0,1.0,1.0,1.0,1.0,1.0
intervals-005,intervals,wrong_api,intersect,intervals/core.py,4,L3,A2_bm25,2671,8.55,1,1,1.0,1.0,12,1.0,1.0,1.0,1.0,1.0,0.6667,1.0,1.0,0.8,1.0,1.0,0.9
intervals-005,intervals,wrong_api,intersect,intervals/core.py,4,L3,A3_tfidf,2671,8.32,1,1,1.0,1.0,12,1.0,1.0,1.0,1.0,1.0,0.6667,1.0,1.0,0.8,1.0,1.0,0.9
intervals-005,intervals,wrong_api,intersect,intervals/core.py,4,L3,A4_lsa,2671,7.92,1,1,1.0,1.0,12,1.0,1.0,1.0,1.0,1.0,0.6667,1.0,1.0,0.8,1.0,1.0,0.9
intervals-005,intervals,wrong_api,intersect,intervals/core.py,4,L3,A5_embed,2671,631.66,5,2,0.2,0.5,12,0.0,0.0,0.0,0.0,1.0,0.6667,1.0,1.0,0.8,1.0,1.0,0.9
intervals-005,intervals,wrong_api,intersect,intervals/core.py,4,L3,A6_hybrid_rrf,2671,82.89,2,2,0.5,0.5,12,0.0,0.0,0.0,1.0,1.0,0.6667,1.0,1.0,0.8,1.0,1.0,0.9
intervals-005,intervals,wrong_api,intersect,intervals/core.py,4,L3,A6b_hybrid_lexonly,2671,35.75,1,1,1.0,1.0,12,1.0,1.0,1.0,1.0,1.0,0.6667,1.0,1.0,0.8,1.0,1.0,0.9
intervals-005,intervals,wrong_api,intersect,intervals/core.py,4,L3,A7_cohere_embed,2671,4.33,1,1,1.0,1.0,12,1.0,1.0,1.0,1.0,1.0,0.6667,1.0,1.0,0.8,1.0,1.0,0.9
intervals-005,intervals,wrong_api,intersect,intervals/core.py,4,L3,A8_cohere_rerank,2671,394.98,1,1,1.0,1.0,12,1.0,1.0,1.0,1.0,1.0,0.6667,1.0,1.0,0.8,1.0,1.0,0.9
intervals-005,intervals,wrong_api,intersect,intervals/core.py,4,L3,A9_bm25_then_cohere_rerank,2671,10.01,1,1,1.0,1.0,12,1.0,1.0,1.0,1.0,1.0,0.6667,1.0,1.0,0.8,1.0,1.0,0.9
ledger-001,ledger,missing_import,<module>,ledger/book.py,2,L0,A0_none,12,0.05,8,2,0.125,0.5,8,0.0,0.0,0.0,0.0,1.0,0.6667,0.0,1.0,0.8,1.0,1.0,0.7
ledger-001,ledger,missing_import,<module>,ledger/book.py,2,L0,A1_lexical,12,1.73,2,2,0.5,0.5,8,0.0,0.0,0.0,1.0,1.0,0.6667,1.0,1.0,0.8,1.0,1.0,0.7
ledger-001,ledger,missing_import,<module>,ledger/book.py,2,L0,A2_bm25,12,2.36,2,2,0.5,0.5,8,0.0,0.0,0.0,1.0,1.0,0.6667,1.0,1.0,0.8,1.0,1.0,0.7
ledger-001,ledger,missing_import,<module>,ledger/book.py,2,L0,A3_tfidf,12,8.25,2,2,0.5,0.5,8,0.0,0.0,0.0,1.0,1.0,0.6667,1.0,1.0,0.8,1.0,1.0,0.7
ledger-001,ledger,missing_import,<module>,ledger/book.py,2,L0,A4_lsa,12,21.58,2,2,0.5,0.5,8,0.0,0.0,0.0,1.0,1.0,0.6667,1.0,1.0,0.8,1.0,1.0,0.7
ledger-001,ledger,missing_import,<module>,ledger/book.py,2,L0,A5_embed,12,667.67,4,1,0.25,1.0,8,0.0,1.0,1.0,0.0,1.0,0.6667,1.0,1.0,0.8,1.0,1.0,0.7
ledger-001,ledger,missing_import,<module>,ledger/book.py,2,L0,A6_hybrid_rrf,12,17.54,2,2,0.5,0.5,8,0.0,0.0,0.0,1.0,1.0,0.6667,1.0,1.0,0.8,1.0,1.0,0.7
ledger-001,ledger,missing_import,<module>,ledger/book.py,2,L0,A6b_hybrid_lexonly,12,4.8,2,2,0.5,0.5,8,0.0,0.0,0.0,1.0,1.0,0.6667,1.0,1.0,0.8,1.0,1.0,0.7
ledger-001,ledger,missing_import,<module>,ledger/book.py,2,L0,A7_cohere_embed,12,1.21,6,1,0.1667,1.0,8,0.0,1.0,1.0,0.0,1.0,1.0,0.0,1.0,0.8,1.0,1.0,0.7
ledger-001,ledger,missing_import,<module>,ledger/book.py,2,L0,A8_cohere_rerank,12,200.5,3,1,0.3333,1.0,8,0.0,1.0,1.0,1.0,1.0,1.0,1.0,1.0,0.8,1.0,1.0,0.7
ledger-001,ledger,missing_import,<module>,ledger/book.py,2,L0,A9_bm25_then_cohere_rerank,12,2.71,1,1,1.0,1.0,8,1.0,1.0,1.0,1.0,1.0,0.6667,1.0,1.0,0.8,1.0,1.0,0.7
ledger-001,ledger,missing_import,<module>,ledger/book.py,2,L1,A0_none,113,0.01,8,2,0.125,0.5,8,0.0,0.0,0.0,0.0,1.0,0.6667,0.0,1.0,0.8,1.0,1.0,0.7
ledger-001,ledger,missing_import,<module>,ledger/book.py,2,L1,A1_lexical,113,1.5,4,2,0.25,0.5,8,0.0,0.0,0.0,0.0,1.0,0.6667,1.0,1.0,0.8,1.0,1.0,0.7
ledger-001,ledger,missing_import,<module>,ledger/book.py,2,L1,A2_bm25,113,2.64,4,2,0.25,0.5,8,0.0,0.0,0.0,0.0,1.0,0.6667,1.0,1.0,0.8,1.0,1.0,0.7
ledger-001,ledger,missing_import,<module>,ledger/book.py,2,L1,A3_tfidf,113,4.63,4,1,0.25,1.0,8,0.0,1.0,1.0,0.0,1.0,0.6667,1.0,1.0,0.8,1.0,1.0,0.7
ledger-001,ledger,missing_import,<module>,ledger/book.py,2,L1,A4_lsa,113,5.74,7,1,0.1429,1.0,8,0.0,1.0,1.0,0.0,1.0,0.6667,0.0,1.0,0.8,1.0,1.0,0.7
ledger-001,ledger,missing_import,<module>,ledger/book.py,2,L1,A5_embed,113,112.14,3,2,0.3333,0.5,8,0.0,0.0,0.0,1.0,1.0,0.6667,1.0,1.0,0.8,1.0,1.0,0.7
ledger-001,ledger,missing_import,<module>,ledger/book.py,2,L1,A6_hybrid_rrf,113,18.41,4,2,0.25,0.5,8,0.0,0.0,0.0,0.0,1.0,0.6667,1.0,1.0,0.8,1.0,1.0,0.7
ledger-001,ledger,missing_import,<module>,ledger/book.py,2,L1,A6b_hybrid_lexonly,113,4.66,4,2,0.25,0.5,8,0.0,0.0,0.0,0.0,1.0,0.6667,1.0,1.0,0.8,1.0,1.0,0.7
ledger-001,ledger,missing_import,<module>,ledger/book.py,2,L1,A7_cohere_embed,113,0.8,5,2,0.2,0.5,8,0.0,0.0,0.0,0.0,1.0,0.6667,1.0,1.0,0.8,1.0,1.0,0.7
ledger-001,ledger,missing_import,<module>,ledger/book.py,2,L1,A8_cohere_rerank,113,5887.14,6,2,0.1667,0.5,8,0.0,0.0,0.0,0.0,1.0,0.6667,0.0,1.0,0.8,1.0,1.0,0.7
ledger-001,ledger,missing_import,<module>,ledger/book.py,2,L1,A9_bm25_then_cohere_rerank,113,10.51,4,2,0.25,0.5,8,0.0,0.0,0.0,0.0,1.0,0.6667,1.0,1.0,0.8,1.0,1.0,0.7
ledger-001,ledger,missing_import,<module>,ledger/book.py,2,L2,A0_none,215,0.02,8,2,0.125,0.5,8,0.0,0.0,0.0,0.0,1.0,0.6667,0.0,1.0,0.8,1.0,1.0,0.7
ledger-001,ledger,missing_import,<module>,ledger/book.py,2,L2,A1_lexical,215,1.67,4,1,0.25,1.0,8,0.0,1.0,1.0,0.0,1.0,0.6667,1.0,1.0,0.8,1.0,1.0,0.7
ledger-001,ledger,missing_import,<module>,ledger/book.py,2,L2,A2_bm25,215,3.3,4,1,0.25,1.0,8,0.0,1.0,1.0,0.0,1.0,0.6667,1.0,1.0,0.8,1.0,1.0,0.7
ledger-001,ledger,missing_import,<module>,ledger/book.py,2,L2,A3_tfidf,215,9.18,6,1,0.1667,1.0,8,0.0,1.0,1.0,0.0,1.0,0.6667,0.0,1.0,0.8,1.0,1.0,0.7
ledger-001,ledger,missing_import,<module>,ledger/book.py,2,L2,A4_lsa,215,8.66,6,1,0.1667,1.0,8,0.0,1.0,1.0,0.0,1.0,1.0,0.0,1.0,0.8,1.0,1.0,0.7
ledger-001,ledger,missing_import,<module>,ledger/book.py,2,L2,A5_embed,215,279.52,2,2,0.5,0.5,8,0.0,0.0,0.0,1.0,1.0,0.6667,1.0,1.0,0.8,1.0,1.0,0.7
ledger-001,ledger,missing_import,<module>,ledger/book.py,2,L2,A6_hybrid_rrf,215,21.33,4,2,0.25,0.5,8,0.0,0.0,0.0,0.0,1.0,0.6667,1.0,1.0,0.8,1.0,1.0,0.7
ledger-001,ledger,missing_import,<module>,ledger/book.py,2,L2,A6b_hybrid_lexonly,215,5.11,5,1,0.2,1.0,8,0.0,1.0,1.0,0.0,1.0,0.6667,1.0,1.0,0.8,1.0,1.0,0.7
ledger-001,ledger,missing_import,<module>,ledger/book.py,2,L2,A7_cohere_embed,215,1.12,2,2,0.5,0.5,8,0.0,0.0,0.0,1.0,1.0,0.6667,1.0,1.0,0.8,1.0,1.0,0.7
ledger-001,ledger,missing_import,<module>,ledger/book.py,2,L2,A8_cohere_rerank,215,5676.55,6,1,0.1667,1.0,8,0.0,1.0,1.0,0.0,1.0,0.6667,0.0,1.0,0.8,1.0,1.0,0.7
ledger-001,ledger,missing_import,<module>,ledger/book.py,2,L2,A9_bm25_then_cohere_rerank,215,3.16,4,1,0.25,1.0,8,0.0,1.0,1.0,0.0,1.0,0.6667,1.0,1.0,0.8,1.0,1.0,0.7
ledger-001,ledger,missing_import,<module>,ledger/book.py,2,L3,A0_none,1902,0.02,8,2,0.125,0.5,8,0.0,0.0,0.0,0.0,1.0,0.6667,0.0,1.0,0.8,1.0,1.0,0.7
ledger-001,ledger,missing_import,<module>,ledger/book.py,2,L3,A1_lexical,1902,1.4,5,1,0.2,1.0,8,0.0,1.0,1.0,0.0,1.0,1.0,1.0,1.0,1.0,1.0,1.0,0.7
ledger-001,ledger,missing_import,<module>,ledger/book.py,2,L3,A2_bm25,1902,7.28,4,1,0.25,1.0,8,0.0,1.0,1.0,0.0,1.0,0.6667,1.0,1.0,0.8,1.0,1.0,0.7
ledger-001,ledger,missing_import,<module>,ledger/book.py,2,L3,A3_tfidf,1902,8.7,8,1,0.125,1.0,8,0.0,1.0,1.0,0.0,1.0,1.0,0.0,1.0,0.8,1.0,1.0,0.7
ledger-001,ledger,missing_import,<module>,ledger/book.py,2,L3,A4_lsa,1902,7.33,8,1,0.125,1.0,8,0.0,1.0,1.0,0.0,1.0,1.0,0.0,1.0,0.8,1.0,1.0,0.7
ledger-001,ledger,missing_import,<module>,ledger/book.py,2,L3,A5_embed,1902,249.51,3,2,0.3333,0.5,8,0.0,0.0,0.0,1.0,1.0,0.6667,1.0,1.0,0.8,1.0,1.0,0.7
ledger-001,ledger,missing_import,<module>,ledger/book.py,2,L3,A6_hybrid_rrf,1902,29.59,4,1,0.25,1.0,8,0.0,1.0,1.0,0.0,1.0,0.6667,1.0,1.0,0.8,1.0,1.0,0.7
ledger-001,ledger,missing_import,<module>,ledger/book.py,2,L3,A6b_hybrid_lexonly,1902,10.43,5,1,0.2,1.0,8,0.0,1.0,1.0,0.0,1.0,0.6667,1.0,1.0,0.8,1.0,1.0,0.7
ledger-001,ledger,missing_import,<module>,ledger/book.py,2,L3,A7_cohere_embed,1902,1.11,3,1,0.3333,1.0,8,0.0,1.0,1.0,1.0,1.0,1.0,1.0,1.0,0.8,1.0,1.0,0.7
ledger-001,ledger,missing_import,<module>,ledger/book.py,2,L3,A8_cohere_rerank,1902,5818.69,6,1,0.1667,1.0,8,0.0,1.0,1.0,0.0,1.0,1.0,0.0,1.0,0.8,1.0,1.0,0.7
ledger-001,ledger,missing_import,<module>,ledger/book.py,2,L3,A9_bm25_then_cohere_rerank,1902,13.89,5,1,0.2,1.0,8,0.0,1.0,1.0,0.0,1.0,1.0,1.0,1.0,0.8,1.0,1.0,0.7
ledger-002,ledger,off_by_one,largest_gap_days,ledger/book.py,3,L0,A0_none,12,0.04,6,2,0.1667,0.5,8,0.0,0.0,0.0,0.0,1.0,0.6667,0.0,1.0,0.8,1.0,1.0,0.7
ledger-002,ledger,off_by_one,largest_gap_days,ledger/book.py,3,L0,A1_lexical,12,1.51,4,2,0.25,0.5,8,0.0,0.0,0.0,0.0,1.0,0.6667,1.0,1.0,0.8,1.0,1.0,0.7
ledger-002,ledger,off_by_one,largest_gap_days,ledger/book.py,3,L0,A2_bm25,12,1.89,4,2,0.25,0.5,8,0.0,0.0,0.0,0.0,1.0,0.6667,1.0,1.0,0.8,1.0,1.0,0.7
ledger-002,ledger,off_by_one,largest_gap_days,ledger/book.py,3,L0,A3_tfidf,12,8.9,4,2,0.25,0.5,8,0.0,0.0,0.0,0.0,1.0,0.6667,1.0,1.0,0.8,1.0,1.0,0.7
ledger-002,ledger,off_by_one,largest_gap_days,ledger/book.py,3,L0,A4_lsa,12,7.23,4,2,0.25,0.5,8,0.0,0.0,0.0,0.0,1.0,0.6667,1.0,1.0,0.8,1.0,1.0,0.7
ledger-002,ledger,off_by_one,largest_gap_days,ledger/book.py,3,L0,A5_embed,12,498.69,5,1,0.2,1.0,8,0.0,1.0,1.0,0.0,1.0,0.6667,1.0,1.0,0.8,1.0,1.0,0.7
ledger-002,ledger,off_by_one,largest_gap_days,ledger/book.py,3,L0,A6_hybrid_rrf,12,24.21,4,2,0.25,0.5,8,0.0,0.0,0.0,0.0,1.0,0.6667,1.0,1.0,0.8,1.0,1.0,0.7
ledger-002,ledger,off_by_one,largest_gap_days,ledger/book.py,3,L0,A6b_hybrid_lexonly,12,6.75,4,2,0.25,0.5,8,0.0,0.0,0.0,0.0,1.0,0.6667,1.0,1.0,0.8,1.0,1.0,0.7
ledger-002,ledger,off_by_one,largest_gap_days,ledger/book.py,3,L0,A7_cohere_embed,12,1.47,2,1,0.5,1.0,8,0.0,1.0,1.0,1.0,1.0,1.0,1.0,1.0,0.8,1.0,1.0,0.7
ledger-002,ledger,off_by_one,largest_gap_days,ledger/book.py,3,L0,A8_cohere_rerank,12,243.13,4,1,0.25,1.0,8,0.0,1.0,1.0,0.0,1.0,1.0,1.0,1.0,0.8,1.0,1.0,0.7
ledger-002,ledger,off_by_one,largest_gap_days,ledger/book.py,3,L0,A9_bm25_then_cohere_rerank,12,1.79,4,1,0.25,1.0,8,0.0,1.0,1.0,0.0,1.0,0.6667,1.0,1.0,0.8,1.0,1.0,0.7
ledger-002,ledger,off_by_one,largest_gap_days,ledger/book.py,3,L1,A0_none,186,0.03,6,2,0.1667,0.5,8,0.0,0.0,0.0,0.0,1.0,0.6667,0.0,1.0,0.8,1.0,1.0,0.7
ledger-002,ledger,off_by_one,largest_gap_days,ledger/book.py,3,L1,A1_lexical,186,1.01,1,1,1.0,1.0,8,1.0,1.0,1.0,1.0,1.0,0.6667,1.0,1.0,0.8,1.0,1.0,0.7
ledger-002,ledger,off_by_one,largest_gap_days,ledger/book.py,3,L1,A2_bm25,186,2.07,2,2,0.5,0.5,8,0.0,0.0,0.0,1.0,1.0,0.6667,1.0,1.0,0.8,1.0,1.0,0.7
ledger-002,ledger,off_by_one,largest_gap_days,ledger/book.py,3,L1,A3_tfidf,186,3.81,2,2,0.5,0.5,8,0.0,0.0,0.0,1.0,1.0,0.6667,1.0,1.0,0.8,1.0,1.0,0.7
ledger-002,ledger,off_by_one,largest_gap_days,ledger/book.py,3,L1,A4_lsa,186,8.64,2,2,0.5,0.5,8,0.0,0.0,0.0,1.0,1.0,0.6667,1.0,1.0,0.8,1.0,1.0,0.7
ledger-002,ledger,off_by_one,largest_gap_days,ledger/book.py,3,L1,A5_embed,186,150.61,2,2,0.5,0.5,8,0.0,0.0,0.0,1.0,1.0,0.6667,1.0,1.0,0.8,1.0,1.0,0.7
ledger-002,ledger,off_by_one,largest_gap_days,ledger/book.py,3,L1,A6_hybrid_rrf,186,25.06,2,2,0.5,0.5,8,0.0,0.0,0.0,1.0,1.0,0.6667,1.0,1.0,0.8,1.0,1.0,0.7
ledger-002,ledger,off_by_one,largest_gap_days,ledger/book.py,3,L1,A6b_hybrid_lexonly,186,5.91,2,2,0.5,0.5,8,0.0,0.0,0.0,1.0,1.0,0.6667,1.0,1.0,0.8,1.0,1.0,0.7
ledger-002,ledger,off_by_one,largest_gap_days,ledger/book.py,3,L1,A7_cohere_embed,186,0.95,1,1,1.0,1.0,8,1.0,1.0,1.0,1.0,1.0,0.6667,1.0,1.0,0.8,1.0,1.0,0.7
ledger-002,ledger,off_by_one,largest_gap_days,ledger/book.py,3,L1,A8_cohere_rerank,186,6088.52,2,2,0.5,0.5,8,0.0,0.0,0.0,1.0,1.0,0.6667,1.0,1.0,0.8,1.0,1.0,0.7
ledger-002,ledger,off_by_one,largest_gap_days,ledger/book.py,3,L1,A9_bm25_then_cohere_rerank,186,6.2,2,2,0.5,0.5,8,0.0,0.0,0.0,1.0,1.0,0.6667,1.0,1.0,0.8,1.0,1.0,0.7
ledger-002,ledger,off_by_one,largest_gap_days,ledger/book.py,3,L2,A0_none,642,0.04,6,2,0.1667,0.5,8,0.0,0.0,0.0,0.0,1.0,0.6667,0.0,1.0,0.8,1.0,1.0,0.7
ledger-002,ledger,off_by_one,largest_gap_days,ledger/book.py,3,L2,A1_lexical,642,1.73,2,1,0.5,1.0,8,0.0,1.0,1.0,1.0,1.0,1.0,1.0,1.0,0.8,1.0,1.0,0.7
ledger-002,ledger,off_by_one,largest_gap_days,ledger/book.py,3,L2,A2_bm25,642,4.76,2,2,0.5,0.5,8,0.0,0.0,0.0,1.0,1.0,0.6667,1.0,1.0,0.8,1.0,1.0,0.7
ledger-002,ledger,off_by_one,largest_gap_days,ledger/book.py,3,L2,A3_tfidf,642,9.17,2,2,0.5,0.5,8,0.0,0.0,0.0,1.0,1.0,0.6667,1.0,1.0,0.8,1.0,1.0,0.7
ledger-002,ledger,off_by_one,largest_gap_days,ledger/book.py,3,L2,A4_lsa,642,18.08,2,2,0.5,0.5,8,0.0,0.0,0.0,1.0,1.0,0.6667,1.0,1.0,0.8,1.0,1.0,0.7
ledger-002,ledger,off_by_one,largest_gap_days,ledger/book.py,3,L2,A5_embed,642,461.18,1,1,1.0,1.0,8,1.0,1.0,1.0,1.0,1.0,0.6667,1.0,1.0,0.8,1.0,1.0,0.7
ledger-002,ledger,off_by_one,largest_gap_days,ledger/book.py,3,L2,A6_hybrid_rrf,642,28.54,2,2,0.5,0.5,8,0.0,0.0,0.0,1.0,1.0,0.6667,1.0,1.0,0.8,1.0,1.0,0.7
ledger-002,ledger,off_by_one,largest_gap_days,ledger/book.py,3,L2,A6b_hybrid_lexonly,642,6.3,2,2,0.5,0.5,8,0.0,0.0,0.0,1.0,1.0,0.6667,1.0,1.0,0.8,1.0,1.0,0.7
ledger-002,ledger,off_by_one,largest_gap_days,ledger/book.py,3,L2,A7_cohere_embed,642,1.93,1,1,1.0,1.0,8,1.0,1.0,1.0,1.0,1.0,0.6667,1.0,1.0,0.8,1.0,1.0,0.7
ledger-002,ledger,off_by_one,largest_gap_days,ledger/book.py,3,L2,A8_cohere_rerank,642,5256.47,1,1,1.0,1.0,8,1.0,1.0,1.0,1.0,1.0,0.6667,1.0,1.0,0.8,1.0,1.0,0.7
ledger-002,ledger,off_by_one,largest_gap_days,ledger/book.py,3,L2,A9_bm25_then_cohere_rerank,642,9.88,1,1,1.0,1.0,8,1.0,1.0,1.0,1.0,1.0,0.6667,1.0,1.0,0.8,1.0,1.0,0.7
ledger-002,ledger,off_by_one,largest_gap_days,ledger/book.py,3,L3,A0_none,1977,0.05,6,2,0.1667,0.5,8,0.0,0.0,0.0,0.0,1.0,0.6667,0.0,1.0,0.8,1.0,1.0,0.7
ledger-002,ledger,off_by_one,largest_gap_days,ledger/book.py,3,L3,A1_lexical,1977,2.2,2,1,0.5,1.0,8,0.0,1.0,1.0,1.0,1.0,1.0,1.0,1.0,1.0,1.0,1.0,0.7
ledger-002,ledger,off_by_one,largest_gap_days,ledger/book.py,3,L3,A2_bm25,1977,9.32,2,2,0.5,0.5,8,0.0,0.0,0.0,1.0,1.0,0.6667,1.0,1.0,0.8,1.0,1.0,0.7
ledger-002,ledger,off_by_one,largest_gap_days,ledger/book.py,3,L3,A3_tfidf,1977,9.0,2,2,0.5,0.5,8,0.0,0.0,0.0,1.0,1.0,0.6667,1.0,1.0,0.8,1.0,1.0,0.7
ledger-002,ledger,off_by_one,largest_gap_days,ledger/book.py,3,L3,A4_lsa,1977,7.2,2,2,0.5,0.5,8,0.0,0.0,0.0,1.0,1.0,0.6667,1.0,1.0,0.8,1.0,1.0,0.7
ledger-002,ledger,off_by_one,largest_gap_days,ledger/book.py,3,L3,A5_embed,1977,314.98,1,1,1.0,1.0,8,1.0,1.0,1.0,1.0,1.0,0.6667,1.0,1.0,0.8,1.0,1.0,0.7
ledger-002,ledger,off_by_one,largest_gap_days,ledger/book.py,3,L3,A6_hybrid_rrf,1977,32.24,2,2,0.5,0.5,8,0.0,0.0,0.0,1.0,1.0,0.6667,1.0,1.0,0.8,1.0,1.0,0.7
ledger-002,ledger,off_by_one,largest_gap_days,ledger/book.py,3,L3,A6b_hybrid_lexonly,1977,11.87,2,2,0.5,0.5,8,0.0,0.0,0.0,1.0,1.0,0.6667,1.0,1.0,0.8,1.0,1.0,0.7
ledger-002,ledger,off_by_one,largest_gap_days,ledger/book.py,3,L3,A7_cohere_embed,1977,1.34,1,1,1.0,1.0,8,1.0,1.0,1.0,1.0,1.0,0.6667,1.0,1.0,0.8,1.0,1.0,0.7
ledger-002,ledger,off_by_one,largest_gap_days,ledger/book.py,3,L3,A8_cohere_rerank,1977,5792.43,1,1,1.0,1.0,8,1.0,1.0,1.0,1.0,1.0,0.6667,1.0,1.0,0.8,1.0,1.0,0.7
ledger-002,ledger,off_by_one,largest_gap_days,ledger/book.py,3,L3,A9_bm25_then_cohere_rerank,1977,14.28,1,1,1.0,1.0,8,1.0,1.0,1.0,1.0,1.0,0.6667,1.0,1.0,0.8,1.0,1.0,0.7
ledger-003,ledger,logic_error,validate,ledger/book.py,1,L0,A0_none,12,0.04,3,2,0.3333,0.5,8,0.0,0.0,0.0,1.0,1.0,0.6667,1.0,1.0,0.8,1.0,1.0,0.7
ledger-003,ledger,logic_error,validate,ledger/book.py,1,L0,A1_lexical,12,1.56,8,2,0.125,0.5,8,0.0,0.0,0.0,0.0,1.0,0.6667,0.0,1.0,0.8,1.0,1.0,0.7
ledger-003,ledger,logic_error,validate,ledger/book.py,1,L0,A2_bm25,12,3.53,8,2,0.125,0.5,8,0.0,0.0,0.0,0.0,1.0,0.6667,0.0,1.0,0.8,1.0,1.0,0.7
ledger-003,ledger,logic_error,validate,ledger/book.py,1,L0,A3_tfidf,12,9.03,8,2,0.125,0.5,8,0.0,0.0,0.0,0.0,1.0,0.6667,0.0,1.0,0.8,1.0,1.0,0.7
ledger-003,ledger,logic_error,validate,ledger/book.py,1,L0,A4_lsa,12,6.93,8,2,0.125,0.5,8,0.0,0.0,0.0,0.0,1.0,0.6667,0.0,1.0,0.8,1.0,1.0,0.7
ledger-003,ledger,logic_error,validate,ledger/book.py,1,L0,A5_embed,12,463.91,1,1,1.0,1.0,8,1.0,1.0,1.0,1.0,1.0,0.6667,1.0,1.0,0.8,1.0,1.0,0.7
ledger-003,ledger,logic_error,validate,ledger/book.py,1,L0,A6_hybrid_rrf,12,27.23,3,2,0.3333,0.5,8,0.0,0.0,0.0,1.0,1.0,0.6667,1.0,1.0,0.8,1.0,1.0,0.7
ledger-003,ledger,logic_error,validate,ledger/book.py,1,L0,A6b_hybrid_lexonly,12,6.03,8,2,0.125,0.5,8,0.0,0.0,0.0,0.0,1.0,0.6667,0.0,1.0,0.8,1.0,1.0,0.7
ledger-003,ledger,logic_error,validate,ledger/book.py,1,L0,A7_cohere_embed,12,1.87,1,1,1.0,1.0,8,1.0,1.0,1.0,1.0,1.0,1.0,1.0,1.0,0.8,1.0,1.0,0.7
ledger-003,ledger,logic_error,validate,ledger/book.py,1,L0,A8_cohere_rerank,12,227.4,1,1,1.0,1.0,8,1.0,1.0,1.0,1.0,1.0,1.0,1.0,1.0,0.8,1.0,1.0,0.7
ledger-003,ledger,logic_error,validate,ledger/book.py,1,L0,A9_bm25_then_cohere_rerank,12,2.66,5,1,0.2,1.0,8,0.0,1.0,1.0,0.0,1.0,0.6667,1.0,1.0,0.8,1.0,1.0,0.7
ledger-003,ledger,logic_error,validate,ledger/book.py,1,L1,A0_none,71,0.02,3,2,0.3333,0.5,8,0.0,0.0,0.0,1.0,1.0,0.6667,1.0,1.0,0.8,1.0,1.0,0.7
ledger-003,ledger,logic_error,validate,ledger/book.py,1,L1,A1_lexical,71,1.51,2,2,0.5,0.5,8,0.0,0.0,0.0,1.0,1.0,0.6667,1.0,1.0,0.8,1.0,1.0,0.7
ledger-003,ledger,logic_error,validate,ledger/book.py,1,L1,A2_bm25,71,2.27,2,2,0.5,0.5,8,0.0,0.0,0.0,1.0,1.0,0.6667,1.0,1.0,0.8,1.0,1.0,0.7
ledger-003,ledger,logic_error,validate,ledger/book.py,1,L1,A3_tfidf,71,4.78,2,2,0.5,0.5,8,0.0,0.0,0.0,1.0,1.0,0.6667,1.0,1.0,0.8,1.0,1.0,0.7
ledger-003,ledger,logic_error,validate,ledger/book.py,1,L1,A4_lsa,71,6.46,2,2,0.5,0.5,8,0.0,0.0,0.0,1.0,1.0,0.6667,1.0,1.0,0.8,1.0,1.0,0.7
ledger-003,ledger,logic_error,validate,ledger/book.py,1,L1,A5_embed,71,124.74,2,2,0.5,0.5,8,0.0,0.0,0.0,1.0,1.0,0.6667,1.0,1.0,0.8,1.0,1.0,0.7
ledger-003,ledger,logic_error,validate,ledger/book.py,1,L1,A6_hybrid_rrf,71,19.93,2,2,0.5,0.5,8,0.0,0.0,0.0,1.0,1.0,0.6667,1.0,1.0,0.8,1.0,1.0,0.7
ledger-003,ledger,logic_error,validate,ledger/book.py,1,L1,A6b_hybrid_lexonly,71,4.68,2,2,0.5,0.5,8,0.0,0.0,0.0,1.0,1.0,0.6667,1.0,1.0,0.8,1.0,1.0,0.7
ledger-003,ledger,logic_error,validate,ledger/book.py,1,L1,A7_cohere_embed,71,0.84,1,1,1.0,1.0,8,1.0,1.0,1.0,1.0,1.0,0.6667,1.0,1.0,0.8,1.0,1.0,0.7
ledger-003,ledger,logic_error,validate,ledger/book.py,1,L1,A8_cohere_rerank,71,6038.2,1,1,1.0,1.0,8,1.0,1.0,1.0,1.0,1.0,0.6667,1.0,1.0,0.8,1.0,1.0,0.7
ledger-003,ledger,logic_error,validate,ledger/book.py,1,L1,A9_bm25_then_cohere_rerank,71,11.22,2,2,0.5,0.5,8,0.0,0.0,0.0,1.0,1.0,0.6667,1.0,1.0,0.8,1.0,1.0,0.7
ledger-003,ledger,logic_error,validate,ledger/book.py,1,L2,A0_none,214,0.02,3,2,0.3333,0.5,8,0.0,0.0,0.0,1.0,1.0,0.6667,1.0,1.0,0.8,1.0,1.0,0.7
ledger-003,ledger,logic_error,validate,ledger/book.py,1,L2,A1_lexical,214,1.55,1,1,1.0,1.0,8,1.0,1.0,1.0,1.0,1.0,0.6667,1.0,1.0,0.8,1.0,1.0,0.7
ledger-003,ledger,logic_error,validate,ledger/book.py,1,L2,A2_bm25,214,2.65,2,2,0.5,0.5,8,0.0,0.0,0.0,1.0,1.0,0.6667,1.0,1.0,0.8,1.0,1.0,0.7
ledger-003,ledger,logic_error,validate,ledger/book.py,1,L2,A3_tfidf,214,9.07,1,1,1.0,1.0,8,1.0,1.0,1.0,1.0,1.0,0.6667,1.0,1.0,0.8,1.0,1.0,0.7
ledger-003,ledger,logic_error,validate,ledger/book.py,1,L2,A4_lsa,214,7.76,2,1,0.5,1.0,8,0.0,1.0,1.0,1.0,1.0,0.6667,1.0,1.0,0.8,1.0,1.0,0.7
ledger-003,ledger,logic_error,validate,ledger/book.py,1,L2,A5_embed,214,278.7,2,2,0.5,0.5,8,0.0,0.0,0.0,1.0,1.0,0.6667,1.0,1.0,0.8,1.0,1.0,0.7
ledger-003,ledger,logic_error,validate,ledger/book.py,1,L2,A6_hybrid_rrf,214,23.97,2,2,0.5,0.5,8,0.0,0.0,0.0,1.0,1.0,0.6667,1.0,1.0,0.8,1.0,1.0,0.7
ledger-003,ledger,logic_error,validate,ledger/book.py,1,L2,A6b_hybrid_lexonly,214,5.07,1,1,1.0,1.0,8,1.0,1.0,1.0,1.0,1.0,0.6667,1.0,1.0,0.8,1.0,1.0,0.7
ledger-003,ledger,logic_error,validate,ledger/book.py,1,L2,A7_cohere_embed,214,2.88,1,1,1.0,1.0,8,1.0,1.0,1.0,1.0,1.0,0.6667,1.0,1.0,0.8,1.0,1.0,0.7
ledger-003,ledger,logic_error,validate,ledger/book.py,1,L2,A8_cohere_rerank,214,5621.06,2,2,0.5,0.5,8,0.0,0.0,0.0,1.0,1.0,0.6667,1.0,1.0,0.8,1.0,1.0,0.7
ledger-003,ledger,logic_error,validate,ledger/book.py,1,L2,A9_bm25_then_cohere_rerank,214,5.41,2,2,0.5,0.5,8,0.0,0.0,0.0,1.0,1.0,0.6667,1.0,1.0,0.8,1.0,1.0,0.7
ledger-003,ledger,logic_error,validate,ledger/book.py,1,L3,A0_none,674,0.02,3,2,0.3333,0.5,8,0.0,0.0,0.0,1.0,1.0,0.6667,1.0,1.0,0.8,1.0,1.0,0.7
ledger-003,ledger,logic_error,validate,ledger/book.py,1,L3,A1_lexical,674,1.46,1,1,1.0,1.0,8,1.0,1.0,1.0,1.0,1.0,1.0,1.0,1.0,1.0,1.0,1.0,0.7
ledger-003,ledger,logic_error,validate,ledger/book.py,1,L3,A2_bm25,674,4.56,1,1,1.0,1.0,8,1.0,1.0,1.0,1.0,1.0,0.6667,1.0,1.0,0.8,1.0,1.0,0.7
ledger-003,ledger,logic_error,validate,ledger/book.py,1,L3,A3_tfidf,674,8.15,2,1,0.5,1.0,8,0.0,1.0,1.0,1.0,1.0,1.0,1.0,1.0,0.8,1.0,1.0,0.7
ledger-003,ledger,logic_error,validate,ledger/book.py,1,L3,A4_lsa,674,6.88,2,1,0.5,1.0,8,0.0,1.0,1.0,1.0,1.0,1.0,1.0,1.0,0.8,1.0,1.0,0.7
ledger-003,ledger,logic_error,validate,ledger/book.py,1,L3,A5_embed,674,287.22,1,1,1.0,1.0,8,1.0,1.0,1.0,1.0,1.0,0.6667,1.0,1.0,0.8,1.0,1.0,0.7
ledger-003,ledger,logic_error,validate,ledger/book.py,1,L3,A6_hybrid_rrf,674,29.55,1,1,1.0,1.0,8,1.0,1.0,1.0,1.0,1.0,0.6667,1.0,1.0,0.8,1.0,1.0,0.7
ledger-003,ledger,logic_error,validate,ledger/book.py,1,L3,A6b_hybrid_lexonly,674,6.42,1,1,1.0,1.0,8,1.0,1.0,1.0,1.0,1.0,0.6667,1.0,1.0,0.8,1.0,1.0,0.7
ledger-003,ledger,logic_error,validate,ledger/book.py,1,L3,A7_cohere_embed,674,1.3,1,1,1.0,1.0,8,1.0,1.0,1.0,1.0,1.0,0.6667,1.0,1.0,0.8,1.0,1.0,0.7
ledger-003,ledger,logic_error,validate,ledger/book.py,1,L3,A8_cohere_rerank,674,5520.84,1,1,1.0,1.0,8,1.0,1.0,1.0,1.0,1.0,0.6667,1.0,1.0,0.8,1.0,1.0,0.7
ledger-003,ledger,logic_error,validate,ledger/book.py,1,L3,A9_bm25_then_cohere_rerank,674,7.95,1,1,1.0,1.0,8,1.0,1.0,1.0,1.0,1.0,0.6667,1.0,1.0,0.8,1.0,1.0,0.7
ledger-004,ledger,wrong_api,balance,ledger/book.py,2,L0,A0_none,12,0.09,4,2,0.25,0.5,8,0.0,0.0,0.0,0.0,1.0,0.6667,1.0,1.0,0.8,1.0,1.0,0.7
ledger-004,ledger,wrong_api,balance,ledger/book.py,2,L0,A1_lexical,12,1.8,3,2,0.3333,0.5,8,0.0,0.0,0.0,1.0,1.0,0.6667,1.0,1.0,0.8,1.0,1.0,0.7
ledger-004,ledger,wrong_api,balance,ledger/book.py,2,L0,A2_bm25,12,2.49,3,2,0.3333,0.5,8,0.0,0.0,0.0,1.0,1.0,0.6667,1.0,1.0,0.8,1.0,1.0,0.7
ledger-004,ledger,wrong_api,balance,ledger/book.py,2,L0,A3_tfidf,12,9.34,3,2,0.3333,0.5,8,0.0,0.0,0.0,1.0,1.0,0.6667,1.0,1.0,0.8,1.0,1.0,0.7
ledger-004,ledger,wrong_api,balance,ledger/book.py,2,L0,A4_lsa,12,7.05,3,2,0.3333,0.5,8,0.0,0.0,0.0,1.0,1.0,0.6667,1.0,1.0,0.8,1.0,1.0,0.7
ledger-004,ledger,wrong_api,balance,ledger/book.py,2,L0,A5_embed,12,534.51,8,1,0.125,1.0,8,0.0,1.0,1.0,0.0,1.0,0.6667,0.0,1.0,0.8,1.0,1.0,0.7
ledger-004,ledger,wrong_api,balance,ledger/book.py,2,L0,A6_hybrid_rrf,12,17.37,6,2,0.1667,0.5,8,0.0,0.0,0.0,0.0,1.0,0.6667,0.0,1.0,0.8,1.0,1.0,0.7
ledger-004,ledger,wrong_api,balance,ledger/book.py,2,L0,A6b_hybrid_lexonly,12,4.29,3,2,0.3333,0.5,8,0.0,0.0,0.0,1.0,1.0,0.6667,1.0,1.0,0.8,1.0,1.0,0.7
ledger-004,ledger,wrong_api,balance,ledger/book.py,2,L0,A7_cohere_embed,12,1.22,8,1,0.125,1.0,8,0.0,1.0,1.0,0.0,1.0,1.0,0.0,1.0,0.8,1.0,1.0,0.7
ledger-004,ledger,wrong_api,balance,ledger/book.py,2,L0,A8_cohere_rerank,12,208.04,8,1,0.125,1.0,8,0.0,1.0,1.0,0.0,1.0,1.0,0.0,1.0,0.8,1.0,1.0,0.7
ledger-004,ledger,wrong_api,balance,ledger/book.py,2,L0,A9_bm25_then_cohere_rerank,12,1.85,6,1,0.1667,1.0,8,0.0,1.0,1.0,0.0,1.0,0.6667,0.0,1.0,0.8,1.0,1.0,0.7
ledger-004,ledger,wrong_api,balance,ledger/book.py,2,L1,A0_none,117,0.01,4,2,0.25,0.5,8,0.0,0.0,0.0,0.0,1.0,0.6667,1.0,1.0,0.8,1.0,1.0,0.7
ledger-004,ledger,wrong_api,balance,ledger/book.py,2,L1,A1_lexical,117,0.94,1,1,1.0,1.0,8,1.0,1.0,1.0,1.0,1.0,0.6667,1.0,1.0,0.8,1.0,1.0,0.7
ledger-004,ledger,wrong_api,balance,ledger/book.py,2,L1,A2_bm25,117,1.7,1,1,1.0,1.0,8,1.0,1.0,1.0,1.0,1.0,0.6667,1.0,1.0,0.8,1.0,1.0,0.7
ledger-004,ledger,wrong_api,balance,ledger/book.py,2,L1,A3_tfidf,117,4.0,1,1,1.0,1.0,8,1.0,1.0,1.0,1.0,1.0,0.6667,1.0,1.0,0.8,1.0,1.0,0.7
ledger-004,ledger,wrong_api,balance,ledger/book.py,2,L1,A4_lsa,117,5.34,2,1,0.5,1.0,8,0.0,1.0,1.0,1.0,1.0,0.6667,1.0,1.0,0.8,1.0,1.0,0.7
ledger-004,ledger,wrong_api,balance,ledger/book.py,2,L1,A5_embed,117,159.28,4,2,0.25,0.5,8,0.0,0.0,0.0,0.0,1.0,0.6667,1.0,1.0,0.8,1.0,1.0,0.7
ledger-004,ledger,wrong_api,balance,ledger/book.py,2,L1,A6_hybrid_rrf,117,21.61,2,2,0.5,0.5,8,0.0,0.0,0.0,1.0,1.0,0.6667,1.0,1.0,0.8,1.0,1.0,0.7
ledger-004,ledger,wrong_api,balance,ledger/book.py,2,L1,A6b_hybrid_lexonly,117,5.01,1,1,1.0,1.0,8,1.0,1.0,1.0,1.0,1.0,0.6667,1.0,1.0,0.8,1.0,1.0,0.7
ledger-004,ledger,wrong_api,balance,ledger/book.py,2,L1,A7_cohere_embed,117,1.79,3,1,0.3333,1.0,8,0.0,1.0,1.0,1.0,1.0,1.0,1.0,1.0,0.8,1.0,1.0,0.7
ledger-004,ledger,wrong_api,balance,ledger/book.py,2,L1,A8_cohere_rerank,117,5837.2,1,1,1.0,1.0,8,1.0,1.0,1.0,1.0,1.0,1.0,1.0,1.0,0.8,1.0,1.0,0.7
ledger-004,ledger,wrong_api,balance,ledger/book.py,2,L1,A9_bm25_then_cohere_rerank,117,4.18,1,1,1.0,1.0,8,1.0,1.0,1.0,1.0,1.0,0.6667,1.0,1.0,0.8,1.0,1.0,0.7
ledger-004,ledger,wrong_api,balance,ledger/book.py,2,L2,A0_none,521,0.01,4,2,0.25,0.5,8,0.0,0.0,0.0,0.0,1.0,0.6667,1.0,1.0,0.8,1.0,1.0,0.7
ledger-004,ledger,wrong_api,balance,ledger/book.py,2,L2,A1_lexical,521,1.01,2,1,0.5,1.0,8,0.0,1.0,1.0,1.0,1.0,1.0,1.0,1.0,1.0,1.0,1.0,0.7
ledger-004,ledger,wrong_api,balance,ledger/book.py,2,L2,A2_bm25,521,2.39,3,1,0.3333,1.0,8,0.0,1.0,1.0,1.0,1.0,1.0,1.0,1.0,1.0,1.0,1.0,0.7
ledger-004,ledger,wrong_api,balance,ledger/book.py,2,L2,A3_tfidf,521,4.41,4,1,0.25,1.0,8,0.0,1.0,1.0,0.0,1.0,1.0,1.0,1.0,1.0,1.0,1.0,0.7
ledger-004,ledger,wrong_api,balance,ledger/book.py,2,L2,A4_lsa,521,5.11,4,1,0.25,1.0,8,0.0,1.0,1.0,0.0,1.0,1.0,1.0,1.0,1.0,1.0,1.0,0.7
ledger-004,ledger,wrong_api,balance,ledger/book.py,2,L2,A5_embed,521,239.67,1,1,1.0,1.0,8,1.0,1.0,1.0,1.0,1.0,0.6667,1.0,1.0,0.8,1.0,1.0,0.7
ledger-004,ledger,wrong_api,balance,ledger/book.py,2,L2,A6_hybrid_rrf,521,21.76,2,1,0.5,1.0,8,0.0,1.0,1.0,1.0,1.0,1.0,1.0,1.0,0.8,1.0,1.0,0.7
ledger-004,ledger,wrong_api,balance,ledger/book.py,2,L2,A6b_hybrid_lexonly,521,5.61,4,1,0.25,1.0,8,0.0,1.0,1.0,0.0,1.0,1.0,1.0,1.0,1.0,1.0,1.0,0.7
ledger-004,ledger,wrong_api,balance,ledger/book.py,2,L2,A7_cohere_embed,521,1.16,2,1,0.5,1.0,8,0.0,1.0,1.0,1.0,1.0,1.0,1.0,1.0,1.0,1.0,1.0,0.7
ledger-004,ledger,wrong_api,balance,ledger/book.py,2,L2,A8_cohere_rerank,521,5881.3,1,1,1.0,1.0,8,1.0,1.0,1.0,1.0,1.0,0.6667,1.0,1.0,0.8,1.0,1.0,0.7
ledger-004,ledger,wrong_api,balance,ledger/book.py,2,L2,A9_bm25_then_cohere_rerank,521,5.5,1,1,1.0,1.0,8,1.0,1.0,1.0,1.0,1.0,1.0,1.0,1.0,0.8,1.0,1.0,0.7
ledger-004,ledger,wrong_api,balance,ledger/book.py,2,L3,A0_none,1523,0.03,4,2,0.25,0.5,8,0.0,0.0,0.0,0.0,1.0,0.6667,1.0,1.0,0.8,1.0,1.0,0.7
ledger-004,ledger,wrong_api,balance,ledger/book.py,2,L3,A1_lexical,1523,1.7,3,1,0.3333,1.0,8,0.0,1.0,1.0,1.0,1.0,1.0,1.0,1.0,0.8,1.0,1.0,0.7
ledger-004,ledger,wrong_api,balance,ledger/book.py,2,L3,A2_bm25,1523,6.15,2,1,0.5,1.0,8,0.0,1.0,1.0,1.0,1.0,1.0,1.0,1.0,0.8,1.0,1.0,0.7
ledger-004,ledger,wrong_api,balance,ledger/book.py,2,L3,A3_tfidf,1523,6.36,4,1,0.25,1.0,8,0.0,1.0,1.0,0.0,1.0,1.0,1.0,1.0,0.8,1.0,1.0,0.7
ledger-004,ledger,wrong_api,balance,ledger/book.py,2,L3,A4_lsa,1523,5.7,4,1,0.25,1.0,8,0.0,1.0,1.0,0.0,1.0,1.0,1.0,1.0,0.8,1.0,1.0,0.7
ledger-004,ledger,wrong_api,balance,ledger/book.py,2,L3,A5_embed,1523,183.66,1,1,1.0,1.0,8,1.0,1.0,1.0,1.0,1.0,0.6667,1.0,1.0,0.8,1.0,1.0,0.7
ledger-004,ledger,wrong_api,balance,ledger/book.py,2,L3,A6_hybrid_rrf,1523,27.71,1,1,1.0,1.0,8,1.0,1.0,1.0,1.0,1.0,0.6667,1.0,1.0,0.8,1.0,1.0,0.7
ledger-004,ledger,wrong_api,balance,ledger/book.py,2,L3,A6b_hybrid_lexonly,1523,8.16,2,1,0.5,1.0,8,0.0,1.0,1.0,1.0,1.0,1.0,1.0,1.0,1.0,1.0,1.0,0.7
ledger-004,ledger,wrong_api,balance,ledger/book.py,2,L3,A7_cohere_embed,1523,1.14,2,1,0.5,1.0,8,0.0,1.0,1.0,1.0,1.0,1.0,1.0,1.0,0.8,1.0,1.0,0.7
ledger-004,ledger,wrong_api,balance,ledger/book.py,2,L3,A8_cohere_rerank,1523,5618.93,1,1,1.0,1.0,8,1.0,1.0,1.0,1.0,1.0,0.6667,1.0,1.0,0.8,1.0,1.0,0.7
ledger-004,ledger,wrong_api,balance,ledger/book.py,2,L3,A9_bm25_then_cohere_rerank,1523,6.18,1,1,1.0,1.0,8,1.0,1.0,1.0,1.0,1.0,0.6667,1.0,1.0,0.8,1.0,1.0,0.7
ledger-005,ledger,logic_error,running_balance,ledger/book.py,1,L0,A0_none,12,0.07,5,2,0.2,0.5,8,0.0,0.0,0.0,0.0,1.0,0.6667,1.0,1.0,0.8,1.0,1.0,0.7
ledger-005,ledger,logic_error,running_balance,ledger/book.py,1,L0,A1_lexical,12,1.76,6,2,0.1667,0.5,8,0.0,0.0,0.0,0.0,1.0,0.6667,0.0,1.0,0.8,1.0,1.0,0.7
ledger-005,ledger,logic_error,running_balance,ledger/book.py,1,L0,A2_bm25,12,2.83,6,2,0.1667,0.5,8,0.0,0.0,0.0,0.0,1.0,0.6667,0.0,1.0,0.8,1.0,1.0,0.7
ledger-005,ledger,logic_error,running_balance,ledger/book.py,1,L0,A3_tfidf,12,9.82,6,2,0.1667,0.5,8,0.0,0.0,0.0,0.0,1.0,0.6667,0.0,1.0,0.8,1.0,1.0,0.7
ledger-005,ledger,logic_error,running_balance,ledger/book.py,1,L0,A4_lsa,12,12.39,6,2,0.1667,0.5,8,0.0,0.0,0.0,0.0,1.0,0.6667,0.0,1.0,0.8,1.0,1.0,0.7
ledger-005,ledger,logic_error,running_balance,ledger/book.py,1,L0,A5_embed,12,504.45,7,1,0.1429,1.0,8,0.0,1.0,1.0,0.0,1.0,0.6667,0.0,1.0,0.8,1.0,1.0,0.7
ledger-005,ledger,logic_error,running_balance,ledger/book.py,1,L0,A6_hybrid_rrf,12,71.19,7,2,0.1429,0.5,8,0.0,0.0,0.0,0.0,1.0,0.6667,0.0,1.0,0.8,1.0,1.0,0.7
ledger-005,ledger,logic_error,running_balance,ledger/book.py,1,L0,A6b_hybrid_lexonly,12,8.03,6,2,0.1667,0.5,8,0.0,0.0,0.0,0.0,1.0,0.6667,0.0,1.0,0.8,1.0,1.0,0.7
ledger-005,ledger,logic_error,running_balance,ledger/book.py,1,L0,A7_cohere_embed,12,3.27,7,1,0.1429,1.0,8,0.0,1.0,1.0,0.0,1.0,1.0,0.0,1.0,0.8,1.0,1.0,0.7
ledger-005,ledger,logic_error,running_balance,ledger/book.py,1,L0,A8_cohere_rerank,12,222.91,6,1,0.1667,1.0,8,0.0,1.0,1.0,0.0,1.0,1.0,0.0,1.0,0.8,1.0,1.0,0.7
ledger-005,ledger,logic_error,running_balance,ledger/book.py,1,L0,A9_bm25_then_cohere_rerank,12,5.95,7,1,0.1429,1.0,8,0.0,1.0,1.0,0.0,1.0,0.6667,0.0,1.0,0.8,1.0,1.0,0.7
ledger-005,ledger,logic_error,running_balance,ledger/book.py,1,L1,A0_none,71,0.01,5,2,0.2,0.5,8,0.0,0.0,0.0,0.0,1.0,0.6667,1.0,1.0,0.8,1.0,1.0,0.7
ledger-005,ledger,logic_error,running_balance,ledger/book.py,1,L1,A1_lexical,71,1.5,2,2,0.5,0.5,8,0.0,0.0,0.0,1.0,1.0,0.6667,1.0,1.0,0.8,1.0,1.0,0.7
ledger-005,ledger,logic_error,running_balance,ledger/book.py,1,L1,A2_bm25,71,2.46,3,2,0.3333,0.5,8,0.0,0.0,0.0,1.0,1.0,0.6667,1.0,1.0,0.8,1.0,1.0,0.7
ledger-005,ledger,logic_error,running_balance,ledger/book.py,1,L1,A3_tfidf,71,7.87,2,2,0.5,0.5,8,0.0,0.0,0.0,1.0,1.0,0.6667,1.0,1.0,0.8,1.0,1.0,0.7
ledger-005,ledger,logic_error,running_balance,ledger/book.py,1,L1,A4_lsa,71,12.88,2,2,0.5,0.5,8,0.0,0.0,0.0,1.0,1.0,0.6667,1.0,1.0,0.8,1.0,1.0,0.7
ledger-005,ledger,logic_error,running_balance,ledger/book.py,1,L1,A5_embed,71,55.91,4,2,0.25,0.5,8,0.0,0.0,0.0,0.0,1.0,0.6667,1.0,1.0,0.8,1.0,1.0,0.7
ledger-005,ledger,logic_error,running_balance,ledger/book.py,1,L1,A6_hybrid_rrf,71,48.97,4,2,0.25,0.5,8,0.0,0.0,0.0,0.0,1.0,0.6667,1.0,1.0,0.8,1.0,1.0,0.7
ledger-005,ledger,logic_error,running_balance,ledger/book.py,1,L1,A6b_hybrid_lexonly,71,7.54,2,2,0.5,0.5,8,0.0,0.0,0.0,1.0,1.0,0.6667,1.0,1.0,0.8,1.0,1.0,0.7
ledger-005,ledger,logic_error,running_balance,ledger/book.py,1,L1,A7_cohere_embed,71,1.58,3,2,0.3333,0.5,8,0.0,0.0,0.0,1.0,1.0,0.6667,1.0,1.0,0.8,1.0,1.0,0.7
ledger-005,ledger,logic_error,running_balance,ledger/book.py,1,L1,A8_cohere_rerank,71,5883.62,1,1,1.0,1.0,8,1.0,1.0,1.0,1.0,1.0,0.6667,1.0,1.0,0.8,1.0,1.0,0.7
ledger-005,ledger,logic_error,running_balance,ledger/book.py,1,L1,A9_bm25_then_cohere_rerank,71,4.21,2,2,0.5,0.5,8,0.0,0.0,0.0,1.0,1.0,0.6667,1.0,1.0,0.8,1.0,1.0,0.7
ledger-005,ledger,logic_error,running_balance,ledger/book.py,1,L2,A0_none,175,0.04,5,2,0.2,0.5,8,0.0,0.0,0.0,0.0,1.0,0.6667,1.0,1.0,0.8,1.0,1.0,0.7
ledger-005,ledger,logic_error,running_balance,ledger/book.py,1,L2,A1_lexical,175,1.49,1,1,1.0,1.0,8,1.0,1.0,1.0,1.0,1.0,0.6667,1.0,1.0,0.8,1.0,1.0,0.7
ledger-005,ledger,logic_error,running_balance,ledger/book.py,1,L2,A2_bm25,175,2.52,2,1,0.5,1.0,8,0.0,1.0,1.0,1.0,1.0,0.6667,1.0,1.0,0.8,1.0,1.0,0.7
ledger-005,ledger,logic_error,running_balance,ledger/book.py,1,L2,A3_tfidf,175,8.61,1,1,1.0,1.0,8,1.0,1.0,1.0,1.0,1.0,0.6667,1.0,1.0,0.8,1.0,1.0,0.7
ledger-005,ledger,logic_error,running_balance,ledger/book.py,1,L2,A4_lsa,175,7.29,1,1,1.0,1.0,8,1.0,1.0,1.0,1.0,1.0,1.0,1.0,1.0,0.8,1.0,1.0,0.7
ledger-005,ledger,logic_error,running_balance,ledger/book.py,1,L2,A5_embed,175,291.79,3,2,0.3333,0.5,8,0.0,0.0,0.0,1.0,1.0,0.6667,1.0,1.0,0.8,1.0,1.0,0.7
ledger-005,ledger,logic_error,running_balance,ledger/book.py,1,L2,A6_hybrid_rrf,175,19.5,2,2,0.5,0.5,8,0.0,0.0,0.0,1.0,1.0,0.6667,1.0,1.0,0.8,1.0,1.0,0.7
ledger-005,ledger,logic_error,running_balance,ledger/book.py,1,L2,A6b_hybrid_lexonly,175,4.71,1,1,1.0,1.0,8,1.0,1.0,1.0,1.0,1.0,0.6667,1.0,1.0,0.8,1.0,1.0,0.7
ledger-005,ledger,logic_error,running_balance,ledger/book.py,1,L2,A7_cohere_embed,175,2.15,3,2,0.3333,0.5,8,0.0,0.0,0.0,1.0,1.0,0.6667,1.0,1.0,0.8,1.0,1.0,0.7
ledger-005,ledger,logic_error,running_balance,ledger/book.py,1,L2,A8_cohere_rerank,175,5690.89,2,2,0.5,0.5,8,0.0,0.0,0.0,1.0,1.0,0.6667,1.0,1.0,0.8,1.0,1.0,0.7
ledger-005,ledger,logic_error,running_balance,ledger/book.py,1,L2,A9_bm25_then_cohere_rerank,175,5.47,3,2,0.3333,0.5,8,0.0,0.0,0.0,1.0,1.0,0.6667,1.0,1.0,0.8,1.0,1.0,0.7
ledger-005,ledger,logic_error,running_balance,ledger/book.py,1,L3,A0_none,574,0.03,5,2,0.2,0.5,8,0.0,0.0,0.0,0.0,1.0,0.6667,1.0,1.0,0.8,1.0,1.0,0.7
ledger-005,ledger,logic_error,running_balance,ledger/book.py,1,L3,A1_lexical,574,1.89,1,1,1.0,1.0,8,1.0,1.0,1.0,1.0,1.0,0.6667,1.0,1.0,0.8,1.0,1.0,0.7
ledger-005,ledger,logic_error,running_balance,ledger/book.py,1,L3,A2_bm25,574,4.67,2,2,0.5,0.5,8,0.0,0.0,0.0,1.0,1.0,0.6667,1.0,1.0,0.8,1.0,1.0,0.7
ledger-005,ledger,logic_error,running_balance,ledger/book.py,1,L3,A3_tfidf,574,9.24,1,1,1.0,1.0,8,1.0,1.0,1.0,1.0,1.0,0.6667,1.0,1.0,0.8,1.0,1.0,0.7
ledger-005,ledger,logic_error,running_balance,ledger/book.py,1,L3,A4_lsa,574,7.39,1,1,1.0,1.0,8,1.0,1.0,1.0,1.0,1.0,0.6667,1.0,1.0,0.8,1.0,1.0,0.7
ledger-005,ledger,logic_error,running_balance,ledger/book.py,1,L3,A5_embed,574,340.57,2,2,0.5,0.5,8,0.0,0.0,0.0,1.0,1.0,0.6667,1.0,1.0,0.8,1.0,1.0,0.7
ledger-005,ledger,logic_error,running_balance,ledger/book.py,1,L3,A6_hybrid_rrf,574,30.77,2,2,0.5,0.5,8,0.0,0.0,0.0,1.0,1.0,0.6667,1.0,1.0,0.8,1.0,1.0,0.7
ledger-005,ledger,logic_error,running_balance,ledger/book.py,1,L3,A6b_hybrid_lexonly,574,8.85,2,2,0.5,0.5,8,0.0,0.0,0.0,1.0,1.0,0.6667,1.0,1.0,0.8,1.0,1.0,0.7
ledger-005,ledger,logic_error,running_balance,ledger/book.py,1,L3,A7_cohere_embed,574,1.26,2,2,0.5,0.5,8,0.0,0.0,0.0,1.0,1.0,0.6667,1.0,1.0,0.8,1.0,1.0,0.7
ledger-005,ledger,logic_error,running_balance,ledger/book.py,1,L3,A8_cohere_rerank,574,5566.11,1,1,1.0,1.0,8,1.0,1.0,1.0,1.0,1.0,0.6667,1.0,1.0,0.8,1.0,1.0,0.7
ledger-005,ledger,logic_error,running_balance,ledger/book.py,1,L3,A9_bm25_then_cohere_rerank,574,6.46,2,2,0.5,0.5,8,0.0,0.0,0.0,1.0,1.0,0.6667,1.0,1.0,0.8,1.0,1.0,0.7
ledger-006,ledger,off_by_one,summarise,ledger/book.py,1,L0,A0_none,12,0.12,7,2,0.1429,0.5,8,0.0,0.0,0.0,0.0,1.0,0.6667,0.0,1.0,0.8,1.0,1.0,0.7
ledger-006,ledger,off_by_one,summarise,ledger/book.py,1,L0,A1_lexical,12,1.51,7,2,0.1429,0.5,8,0.0,0.0,0.0,0.0,1.0,0.6667,0.0,1.0,0.8,1.0,1.0,0.7
ledger-006,ledger,off_by_one,summarise,ledger/book.py,1,L0,A2_bm25,12,2.27,7,2,0.1429,0.5,8,0.0,0.0,0.0,0.0,1.0,0.6667,0.0,1.0,0.8,1.0,1.0,0.7
ledger-006,ledger,off_by_one,summarise,ledger/book.py,1,L0,A3_tfidf,12,22.78,7,2,0.1429,0.5,8,0.0,0.0,0.0,0.0,1.0,0.6667,0.0,1.0,0.8,1.0,1.0,0.7
ledger-006,ledger,off_by_one,summarise,ledger/book.py,1,L0,A4_lsa,12,8.25,7,2,0.1429,0.5,8,0.0,0.0,0.0,0.0,1.0,0.6667,0.0,1.0,0.8,1.0,1.0,0.7
ledger-006,ledger,off_by_one,summarise,ledger/book.py,1,L0,A5_embed,12,664.13,6,1,0.1667,1.0,8,0.0,1.0,1.0,0.0,1.0,0.6667,0.0,1.0,0.8,1.0,1.0,0.7
ledger-006,ledger,off_by_one,summarise,ledger/book.py,1,L0,A6_hybrid_rrf,12,20.07,8,2,0.125,0.5,8,0.0,0.0,0.0,0.0,1.0,0.6667,0.0,1.0,0.8,1.0,1.0,0.7
ledger-006,ledger,off_by_one,summarise,ledger/book.py,1,L0,A6b_hybrid_lexonly,12,6.56,7,2,0.1429,0.5,8,0.0,0.0,0.0,0.0,1.0,0.6667,0.0,1.0,0.8,1.0,1.0,0.7
ledger-006,ledger,off_by_one,summarise,ledger/book.py,1,L0,A7_cohere_embed,12,1.38,3,1,0.3333,1.0,8,0.0,1.0,1.0,1.0,1.0,1.0,1.0,1.0,0.8,1.0,1.0,0.7
ledger-006,ledger,off_by_one,summarise,ledger/book.py,1,L0,A8_cohere_rerank,12,213.33,6,1,0.1667,1.0,8,0.0,1.0,1.0,0.0,1.0,1.0,0.0,1.0,0.8,1.0,1.0,0.7
ledger-006,ledger,off_by_one,summarise,ledger/book.py,1,L0,A9_bm25_then_cohere_rerank,12,3.95,8,1,0.125,1.0,8,0.0,1.0,1.0,0.0,1.0,0.6667,0.0,1.0,0.8,1.0,1.0,0.7
ledger-006,ledger,off_by_one,summarise,ledger/book.py,1,L1,A0_none,67,0.02,7,2,0.1429,0.5,8,0.0,0.0,0.0,0.0,1.0,0.6667,0.0,1.0,0.8,1.0,1.0,0.7
ledger-006,ledger,off_by_one,summarise,ledger/book.py,1,L1,A1_lexical,67,0.89,2,2,0.5,0.5,8,0.0,0.0,0.0,1.0,1.0,0.6667,1.0,1.0,0.8,1.0,1.0,0.7
ledger-006,ledger,off_by_one,summarise,ledger/book.py,1,L1,A2_bm25,67,1.39,1,1,1.0,1.0,8,1.0,1.0,1.0,1.0,1.0,0.6667,1.0,1.0,0.8,1.0,1.0,0.7
ledger-006,ledger,off_by_one,summarise,ledger/book.py,1,L1,A3_tfidf,67,3.52,1,1,1.0,1.0,8,1.0,1.0,1.0,1.0,1.0,0.6667,1.0,1.0,0.8,1.0,1.0,0.7
ledger-006,ledger,off_by_one,summarise,ledger/book.py,1,L1,A4_lsa,67,4.68,1,1,1.0,1.0,8,1.0,1.0,1.0,1.0,1.0,0.6667,1.0,1.0,0.8,1.0,1.0,0.7
ledger-006,ledger,off_by_one,summarise,ledger/book.py,1,L1,A5_embed,67,149.74,4,2,0.25,0.5,8,0.0,0.0,0.0,0.0,1.0,0.6667,1.0,1.0,0.8,1.0,1.0,0.7
ledger-006,ledger,off_by_one,summarise,ledger/book.py,1,L1,A6_hybrid_rrf,67,24.75,2,2,0.5,0.5,8,0.0,0.0,0.0,1.0,1.0,0.6667,1.0,1.0,0.8,1.0,1.0,0.7
ledger-006,ledger,off_by_one,summarise,ledger/book.py,1,L1,A6b_hybrid_lexonly,67,4.74,1,1,1.0,1.0,8,1.0,1.0,1.0,1.0,1.0,0.6667,1.0,1.0,0.8,1.0,1.0,0.7
ledger-006,ledger,off_by_one,summarise,ledger/book.py,1,L1,A7_cohere_embed,67,0.89,3,2,0.3333,0.5,8,0.0,0.0,0.0,1.0,1.0,0.6667,1.0,1.0,0.8,1.0,1.0,0.7
ledger-006,ledger,off_by_one,summarise,ledger/book.py,1,L1,A8_cohere_rerank,67,5822.76,2,2,0.5,0.5,8,0.0,0.0,0.0,1.0,1.0,0.6667,1.0,1.0,0.8,1.0,1.0,0.7
ledger-006,ledger,off_by_one,summarise,ledger/book.py,1,L1,A9_bm25_then_cohere_rerank,67,4.54,2,2,0.5,0.5,8,0.0,0.0,0.0,1.0,1.0,0.6667,1.0,1.0,0.8,1.0,1.0,0.7
ledger-006,ledger,off_by_one,summarise,ledger/book.py,1,L2,A0_none,365,0.02,7,2,0.1429,0.5,8,0.0,0.0,0.0,0.0,1.0,0.6667,0.0,1.0,0.8,1.0,1.0,0.7
ledger-006,ledger,off_by_one,summarise,ledger/book.py,1,L2,A1_lexical,365,1.3,2,1,0.5,1.0,8,0.0,1.0,1.0,1.0,1.0,1.0,1.0,1.0,1.0,1.0,1.0,0.7
ledger-006,ledger,off_by_one,summarise,ledger/book.py,1,L2,A2_bm25,365,2.59,1,1,1.0,1.0,8,1.0,1.0,1.0,1.0,1.0,0.6667,1.0,1.0,0.8,1.0,1.0,0.7
ledger-006,ledger,off_by_one,summarise,ledger/book.py,1,L2,A3_tfidf,365,9.16,1,1,1.0,1.0,8,1.0,1.0,1.0,1.0,1.0,1.0,1.0,1.0,0.8,1.0,1.0,0.7
ledger-006,ledger,off_by_one,summarise,ledger/book.py,1,L2,A4_lsa,365,7.92,1,1,1.0,1.0,8,1.0,1.0,1.0,1.0,1.0,0.6667,1.0,1.0,0.8,1.0,1.0,0.7
ledger-006,ledger,off_by_one,summarise,ledger/book.py,1,L2,A5_embed,365,329.18,1,1,1.0,1.0,8,1.0,1.0,1.0,1.0,1.0,1.0,1.0,1.0,0.8,1.0,1.0,0.7
ledger-006,ledger,off_by_one,summarise,ledger/book.py,1,L2,A6_hybrid_rrf,365,20.79,1,1,1.0,1.0,8,1.0,1.0,1.0,1.0,1.0,1.0,1.0,1.0,0.8,1.0,1.0,0.7
ledger-006,ledger,off_by_one,summarise,ledger/book.py,1,L2,A6b_hybrid_lexonly,365,5.29,1,1,1.0,1.0,8,1.0,1.0,1.0,1.0,1.0,0.6667,1.0,1.0,0.8,1.0,1.0,0.7
ledger-006,ledger,off_by_one,summarise,ledger/book.py,1,L2,A7_cohere_embed,365,1.31,1,1,1.0,1.0,8,1.0,1.0,1.0,1.0,1.0,0.6667,1.0,1.0,0.8,1.0,1.0,0.7
ledger-006,ledger,off_by_one,summarise,ledger/book.py,1,L2,A8_cohere_rerank,365,5652.64,1,1,1.0,1.0,8,1.0,1.0,1.0,1.0,1.0,0.6667,1.0,1.0,0.8,1.0,1.0,0.7
ledger-006,ledger,off_by_one,summarise,ledger/book.py,1,L2,A9_bm25_then_cohere_rerank,365,8.5,1,1,1.0,1.0,8,1.0,1.0,1.0,1.0,1.0,0.6667,1.0,1.0,0.8,1.0,1.0,0.7
ledger-006,ledger,off_by_one,summarise,ledger/book.py,1,L3,A0_none,944,0.03,7,2,0.1429,0.5,8,0.0,0.0,0.0,0.0,1.0,0.6667,0.0,1.0,0.8,1.0,1.0,0.7
ledger-006,ledger,off_by_one,summarise,ledger/book.py,1,L3,A1_lexical,944,1.7,1,1,1.0,1.0,8,1.0,1.0,1.0,1.0,1.0,1.0,1.0,1.0,1.0,1.0,1.0,0.7
ledger-006,ledger,off_by_one,summarise,ledger/book.py,1,L3,A2_bm25,944,4.55,1,1,1.0,1.0,8,1.0,1.0,1.0,1.0,1.0,0.6667,1.0,1.0,0.8,1.0,1.0,0.7
ledger-006,ledger,off_by_one,summarise,ledger/book.py,1,L3,A3_tfidf,944,9.05,1,1,1.0,1.0,8,1.0,1.0,1.0,1.0,1.0,1.0,1.0,1.0,0.8,1.0,1.0,0.7
ledger-006,ledger,off_by_one,summarise,ledger/book.py,1,L3,A4_lsa,944,7.32,1,1,1.0,1.0,8,1.0,1.0,1.0,1.0,1.0,1.0,1.0,1.0,0.8,1.0,1.0,0.7
ledger-006,ledger,off_by_one,summarise,ledger/book.py,1,L3,A5_embed,944,355.56,1,1,1.0,1.0,8,1.0,1.0,1.0,1.0,1.0,0.6667,1.0,1.0,0.8,1.0,1.0,0.7
ledger-006,ledger,off_by_one,summarise,ledger/book.py,1,L3,A6_hybrid_rrf,944,27.82,1,1,1.0,1.0,8,1.0,1.0,1.0,1.0,1.0,1.0,1.0,1.0,0.8,1.0,1.0,0.7
ledger-006,ledger,off_by_one,summarise,ledger/book.py,1,L3,A6b_hybrid_lexonly,944,9.19,1,1,1.0,1.0,8,1.0,1.0,1.0,1.0,1.0,1.0,1.0,1.0,0.8,1.0,1.0,0.7
ledger-006,ledger,off_by_one,summarise,ledger/book.py,1,L3,A7_cohere_embed,944,1.16,2,1,0.5,1.0,8,0.0,1.0,1.0,1.0,1.0,1.0,1.0,1.0,0.8,1.0,1.0,0.7
ledger-006,ledger,off_by_one,summarise,ledger/book.py,1,L3,A8_cohere_rerank,944,5610.49,1,1,1.0,1.0,8,1.0,1.0,1.0,1.0,1.0,0.6667,1.0,1.0,0.8,1.0,1.0,0.7
ledger-006,ledger,off_by_one,summarise,ledger/book.py,1,L3,A9_bm25_then_cohere_rerank,944,9.15,1,1,1.0,1.0,8,1.0,1.0,1.0,1.0,1.0,0.6667,1.0,1.0,0.8,1.0,1.0,0.7
ledger-007,ledger,logic_error,parse_entries,ledger/book.py,7,L0,A0_none,12,0.09,2,2,0.5,0.5,8,0.0,0.0,0.0,1.0,1.0,0.6667,1.0,1.0,0.8,1.0,1.0,0.7
ledger-007,ledger,logic_error,parse_entries,ledger/book.py,7,L0,A1_lexical,12,1.81,5,2,0.2,0.5,8,0.0,0.0,0.0,0.0,1.0,0.6667,1.0,1.0,0.8,1.0,1.0,0.7
ledger-007,ledger,logic_error,parse_entries,ledger/book.py,7,L0,A2_bm25,12,2.83,5,2,0.2,0.5,8,0.0,0.0,0.0,0.0,1.0,0.6667,1.0,1.0,0.8,1.0,1.0,0.7
ledger-007,ledger,logic_error,parse_entries,ledger/book.py,7,L0,A3_tfidf,12,15.36,5,2,0.2,0.5,8,0.0,0.0,0.0,0.0,1.0,0.6667,1.0,1.0,0.8,1.0,1.0,0.7
ledger-007,ledger,logic_error,parse_entries,ledger/book.py,7,L0,A4_lsa,12,7.91,5,2,0.2,0.5,8,0.0,0.0,0.0,0.0,1.0,0.6667,1.0,1.0,0.8,1.0,1.0,0.7
ledger-007,ledger,logic_error,parse_entries,ledger/book.py,7,L0,A5_embed,12,1182.94,3,1,0.3333,1.0,8,0.0,1.0,1.0,1.0,1.0,0.6667,1.0,1.0,0.8,1.0,1.0,0.7
ledger-007,ledger,logic_error,parse_entries,ledger/book.py,7,L0,A6_hybrid_rrf,12,20.97,3,2,0.3333,0.5,8,0.0,0.0,0.0,1.0,1.0,0.6667,1.0,1.0,0.8,1.0,1.0,0.7
ledger-007,ledger,logic_error,parse_entries,ledger/book.py,7,L0,A6b_hybrid_lexonly,12,21.89,5,2,0.2,0.5,8,0.0,0.0,0.0,0.0,1.0,0.6667,1.0,1.0,0.8,1.0,1.0,0.7
ledger-007,ledger,logic_error,parse_entries,ledger/book.py,7,L0,A7_cohere_embed,12,2.61,5,1,0.2,1.0,8,0.0,1.0,1.0,0.0,1.0,1.0,1.0,1.0,0.8,1.0,1.0,0.7
ledger-007,ledger,logic_error,parse_entries,ledger/book.py,7,L0,A8_cohere_rerank,12,283.86,2,1,0.5,1.0,8,0.0,1.0,1.0,1.0,1.0,1.0,1.0,1.0,0.8,1.0,1.0,0.7
ledger-007,ledger,logic_error,parse_entries,ledger/book.py,7,L0,A9_bm25_then_cohere_rerank,12,2.7,3,1,0.3333,1.0,8,0.0,1.0,1.0,1.0,1.0,0.6667,1.0,1.0,0.8,1.0,1.0,0.7
ledger-007,ledger,logic_error,parse_entries,ledger/book.py,7,L1,A0_none,356,0.04,2,2,0.5,0.5,8,0.0,0.0,0.0,1.0,1.0,0.6667,1.0,1.0,0.8,1.0,1.0,0.7
ledger-007,ledger,logic_error,parse_entries,ledger/book.py,7,L1,A1_lexical,356,1.43,3,2,0.3333,0.5,8,0.0,0.0,0.0,1.0,1.0,0.6667,1.0,1.0,0.8,1.0,1.0,0.7
ledger-007,ledger,logic_error,parse_entries,ledger/book.py,7,L1,A2_bm25,356,3.92,3,2,0.3333,0.5,8,0.0,0.0,0.0,1.0,1.0,0.6667,1.0,1.0,0.8,1.0,1.0,0.7
ledger-007,ledger,logic_error,parse_entries,ledger/book.py,7,L1,A3_tfidf,356,4.06,3,2,0.3333,0.5,8,0.0,0.0,0.0,1.0,1.0,0.6667,1.0,1.0,0.8,1.0,1.0,0.7
ledger-007,ledger,logic_error,parse_entries,ledger/book.py,7,L1,A4_lsa,356,7.02,3,2,0.3333,0.5,8,0.0,0.0,0.0,1.0,1.0,0.6667,1.0,1.0,0.8,1.0,1.0,0.7
ledger-007,ledger,logic_error,parse_entries,ledger/book.py,7,L1,A5_embed,356,112.63,4,2,0.25,0.5,8,0.0,0.0,0.0,0.0,1.0,0.6667,1.0,1.0,0.8,1.0,1.0,0.7
ledger-007,ledger,logic_error,parse_entries,ledger/book.py,7,L1,A6_hybrid_rrf,356,22.45,3,2,0.3333,0.5,8,0.0,0.0,0.0,1.0,1.0,0.6667,1.0,1.0,0.8,1.0,1.0,0.7
ledger-007,ledger,logic_error,parse_entries,ledger/book.py,7,L1,A6b_hybrid_lexonly,356,6.18,3,2,0.3333,0.5,8,0.0,0.0,0.0,1.0,1.0,0.6667,1.0,1.0,0.8,1.0,1.0,0.7
ledger-007,ledger,logic_error,parse_entries,ledger/book.py,7,L1,A7_cohere_embed,356,1.1,3,2,0.3333,0.5,8,0.0,0.0,0.0,1.0,1.0,0.6667,1.0,1.0,0.8,1.0,1.0,0.7
ledger-007,ledger,logic_error,parse_entries,ledger/book.py,7,L1,A8_cohere_rerank,356,5797.44,3,2,0.3333,0.5,8,0.0,0.0,0.0,1.0,1.0,0.6667,1.0,1.0,0.8,1.0,1.0,0.7
ledger-007,ledger,logic_error,parse_entries,ledger/book.py,7,L1,A9_bm25_then_cohere_rerank,356,9.17,3,2,0.3333,0.5,8,0.0,0.0,0.0,1.0,1.0,0.6667,1.0,1.0,0.8,1.0,1.0,0.7
ledger-007,ledger,logic_error,parse_entries,ledger/book.py,7,L2,A0_none,552,0.02,2,2,0.5,0.5,8,0.0,0.0,0.0,1.0,1.0,0.6667,1.0,1.0,0.8,1.0,1.0,0.7
ledger-007,ledger,logic_error,parse_entries,ledger/book.py,7,L2,A1_lexical,552,1.49,4,1,0.25,1.0,8,0.0,1.0,1.0,0.0,1.0,0.6667,1.0,1.0,0.8,1.0,1.0,0.7
ledger-007,ledger,logic_error,parse_entries,ledger/book.py,7,L2,A2_bm25,552,4.55,4,2,0.25,0.5,8,0.0,0.0,0.0,0.0,1.0,0.6667,1.0,1.0,0.8,1.0,1.0,0.7
ledger-007,ledger,logic_error,parse_entries,ledger/book.py,7,L2,A3_tfidf,552,10.06,6,1,0.1667,1.0,8,0.0,1.0,1.0,0.0,1.0,0.6667,0.0,1.0,0.8,1.0,1.0,0.7
ledger-007,ledger,logic_error,parse_entries,ledger/book.py,7,L2,A4_lsa,552,6.15,6,1,0.1667,1.0,8,0.0,1.0,1.0,0.0,1.0,0.6667,0.0,1.0,0.8,1.0,1.0,0.7
ledger-007,ledger,logic_error,parse_entries,ledger/book.py,7,L2,A5_embed,552,254.71,4,2,0.25,0.5,8,0.0,0.0,0.0,0.0,1.0,0.6667,1.0,1.0,0.8,1.0,1.0,0.7
ledger-007,ledger,logic_error,parse_entries,ledger/book.py,7,L2,A6_hybrid_rrf,552,23.38,4,2,0.25,0.5,8,0.0,0.0,0.0,0.0,1.0,0.6667,1.0,1.0,0.8,1.0,1.0,0.7
ledger-007,ledger,logic_error,parse_entries,ledger/book.py,7,L2,A6b_hybrid_lexonly,552,6.54,5,2,0.2,0.5,8,0.0,0.0,0.0,0.0,1.0,0.6667,1.0,1.0,0.8,1.0,1.0,0.7
ledger-007,ledger,logic_error,parse_entries,ledger/book.py,7,L2,A7_cohere_embed,552,1.22,4,2,0.25,0.5,8,0.0,0.0,0.0,0.0,1.0,0.6667,1.0,1.0,0.8,1.0,1.0,0.7
ledger-007,ledger,logic_error,parse_entries,ledger/book.py,7,L2,A8_cohere_rerank,552,6190.31,2,1,0.5,1.0,8,0.0,1.0,1.0,1.0,1.0,0.6667,1.0,1.0,0.8,1.0,1.0,0.7
ledger-007,ledger,logic_error,parse_entries,ledger/book.py,7,L2,A9_bm25_then_cohere_rerank,552,8.02,3,1,0.3333,1.0,8,0.0,1.0,1.0,1.0,1.0,0.6667,1.0,1.0,0.8,1.0,1.0,0.7
ledger-007,ledger,logic_error,parse_entries,ledger/book.py,7,L3,A0_none,7035,0.03,2,2,0.5,0.5,8,0.0,0.0,0.0,1.0,1.0,0.6667,1.0,1.0,0.8,1.0,1.0,0.7
ledger-007,ledger,logic_error,parse_entries,ledger/book.py,7,L3,A1_lexical,7035,3.87,1,1,1.0,1.0,8,1.0,1.0,1.0,1.0,1.0,1.0,1.0,1.0,1.0,1.0,1.0,0.7
ledger-007,ledger,logic_error,parse_entries,ledger/book.py,7,L3,A2_bm25,7035,23.2,1,1,1.0,1.0,8,1.0,1.0,1.0,1.0,1.0,0.6667,1.0,1.0,0.8,1.0,1.0,0.7
ledger-007,ledger,logic_error,parse_entries,ledger/book.py,7,L3,A3_tfidf,7035,9.86,1,1,1.0,1.0,8,1.0,1.0,1.0,1.0,1.0,0.6667,1.0,1.0,0.8,1.0,1.0,0.7
ledger-007,ledger,logic_error,parse_entries,ledger/book.py,7,L3,A4_lsa,7035,8.45,1,1,1.0,1.0,8,1.0,1.0,1.0,1.0,1.0,0.6667,1.0,1.0,0.8,1.0,1.0,0.7
ledger-007,ledger,logic_error,parse_entries,ledger/book.py,7,L3,A5_embed,7035,281.26,4,2,0.25,0.5,8,0.0,0.0,0.0,0.0,1.0,0.6667,1.0,1.0,0.8,1.0,1.0,0.7
ledger-007,ledger,logic_error,parse_entries,ledger/book.py,7,L3,A6_hybrid_rrf,7035,52.41,2,2,0.5,0.5,8,0.0,0.0,0.0,1.0,1.0,0.6667,1.0,1.0,0.8,1.0,1.0,0.7
ledger-007,ledger,logic_error,parse_entries,ledger/book.py,7,L3,A6b_hybrid_lexonly,7035,29.55,1,1,1.0,1.0,8,1.0,1.0,1.0,1.0,1.0,0.6667,1.0,1.0,0.8,1.0,1.0,0.7
ledger-007,ledger,logic_error,parse_entries,ledger/book.py,7,L3,A7_cohere_embed,7035,1.66,1,1,1.0,1.0,8,1.0,1.0,1.0,1.0,1.0,0.6667,1.0,1.0,0.8,1.0,1.0,0.7
ledger-007,ledger,logic_error,parse_entries,ledger/book.py,7,L3,A8_cohere_rerank,7035,5307.29,3,1,0.3333,1.0,8,0.0,1.0,1.0,1.0,1.0,1.0,1.0,1.0,0.8,1.0,1.0,0.7
ledger-007,ledger,logic_error,parse_entries,ledger/book.py,7,L3,A9_bm25_then_cohere_rerank,7035,26.05,1,1,1.0,1.0,8,1.0,1.0,1.0,1.0,1.0,0.6667,1.0,1.0,0.8,1.0,1.0,0.7
